id,category,german,english,gender,plural,level,gender_note,plural_note
N0001,Animals,Bär,Bear,M,Bären,A2,,
N0002,Animals,Bauernhof,Farm,M,Bauernhöfe,A2,,
N0003,Animals,Ente,Duck,F,Enten,A2,,
N0004,Animals,Fliege,Fly,F,Fliegen,A2,,
N0005,Animals,Hase,Hare,M,Hasen,A2,,
N0006,Animals,Haustier,Pet,N,Haustiere,A2,,
N0007,Animals,Huhn,Chicken (animal),N,Hühner,A2,,
N0008,Animals,Hund,Dog,M,Hunde,A1,,
N0009,Animals,Insekt,Insect,N,Insekten,B1,,
N0010,Animals,Kaninchen,Rabbit,N,Kaninchen,A2,,
N0011,Animals,Katze,Cat,F,Katzen,A1,,
N0012,Animals,Kuh,Cow,F,Kühe,A1,,
N0013,Animals,Löwe,Lion,M,Löwen,A2,,
N0014,Animals,Maus,Mouse,F,Mäuse,A1,,
N0015,Animals,Pferd,Horse,N,Pferde,A1,,
N0016,Animals,Schaf,Sheep,N,Schafe,A2,,
N0017,Animals,Schlange,Snake,F,Schlangen,A2,,
N0018,Animals,Schwein,Pig,N,Schweine,A1,,
N0019,Animals,Tier,Animal,N,Tiere,A1,,
N0020,Animals,Vogel,Bird,M,Vögel,A1,,
N0021,Body,Arm,Arm,M,Arme,A1,,
N0022,Body,Auge,Eye,N,Augen,A1,,
N0023,Body,Bauch,Belly (or) stomach,M,Bäuche,A1,,
N0024,Body,Bein,Leg,N,Beine,A1,,
N0025,Body,Brust,Chest (or) breast,F,Brüste,B1,,
N0026,Body,Ellenbogen,Elbow,M,Ellenbogen,B1,,
N0027,Body,Ferse,Heel,F,Fersen,B1,,
N0028,Body,Finger,Finger,M,Finger,A1,,
N0029,Body,Fuß,Foot,M,Füße,A1,,
N0030,Body,Haar,Hair,N,Haare,A1,,
N0031,Body,Hals,Neck (or) throat,M,Hälse,A1,,
N0032,Body,Hand,Hand,F,Hände,A1,,
N0033,Body,Herz,Heart,N,Herzen,A1,,
N0034,Body,Hüfte,Hip,F,Hüften,B1,,
N0035,Body,Knie,Knee,N,Knie,A2,,
N0036,Body,Kopf,Head,M,Köpfe,A1,,
N0037,Body,Mund,Mouth,M,Münder,A1,,
N0038,Body,Nase,Nose,F,Nasen,A1,,
N0039,Body,Ohr,Ear,N,Ohren,A1,,
N0040,Body,Rücken,Back,M,Rücken,A1,,
N0041,Body,Zahn,Tooth,M,Zähne,A1,,
N0042,Body,Zehe,Toe,F,Zehen,B1,,
N0043,Body,Zeh,Toe,M,Zehen,B1,,
N0044,Clothing,Anzug,Suit,M,Anzüge,A2,,
N0045,Clothing,Armband,Bracelet,N,Armbänder,B1,,
N0046,Clothing,Bluse,Blouse,F,Blusen,A1,,
N0047,Clothing,Größe,Size,F,Größen,A1,,
N0048,Clothing,Handschuh,Glove,M,Handschuhe,A2,,
N0049,Clothing,Hemd,Shirt,N,Hemden,A1,,
N0050,Clothing,Hose,Trousers (or) pants,F,Hosen,A1,,
N0051,Clothing,Hut,Hat,M,Hüte,A1,,
N0052,Clothing,Jacke,Jacket,F,Jacken,A1,,
N0053,Clothing,Jeans,Jeans,F,Jeans,A1,,
N0054,Clothing,Kette,Necklace (or) chain,F,Ketten,A2,,
N0055,Clothing,Kleid,Dress,N,Kleider,A1,,
N0056,Clothing,Kleidung,Clothing,F,-,A1,,
N0057,Clothing,Mantel,Coat,M,Mäntel,A1,,
N0058,Clothing,Mütze,Woolly hat (or) cap,F,Mützen,A1,,
N0059,Clothing,Ohrring,Earring,M,Ohrringe,A2,,
N0060,Clothing,Pullover,Sweater (or) jumper,M,Pullover,A1,,
N0061,Clothing,Ring,Ring,M,Ringe,A2,,
N0062,Clothing,Rock,Skirt,M,Röcke,A1,,
N0063,Clothing,Schal,Scarf,M,Schals|Schale,A1,,
N0064,Clothing,Schminke,Make-up,F,-,B1,,
N0065,Clothing,Schmuck,Jewelry,M,-,A2,,
N0066,Clothing,Schuh,Shoe,M,Schuhe,A1,,
N0067,Clothing,Socke,Sock,F,Socken,A1,,
N0068,Clothing,T-Shirt,T-shirt,N,T-Shirts,A1,,
N0069,Clothing,Tasche,Bag,F,Taschen,A1,,
N0070,Family and Friends,Bruder,Brother,M,Brüder,A1,,
N0071,Family and Friends,Freund,Friend (male),M,Freunde,A1,,
N0072,Family and Friends,Freundin,Friend (female),F,Freundinnen,A1,,
N0073,Family and Friends,Freundschaft,Friendship,F,Freundschaften,B1,,
N0074,Family and Friends,Kind,Child,N,Kinder,A1,,
N0075,Family and Friends,Mutter,Mother,F,Mütter,A1,,
N0076,Family and Friends,Oma,Grandma,F,Omas,A1,,
N0077,Family and Friends,Onkel,Uncle,M,Onkel,A1,,
N0078,Family and Friends,Opa,Grandpa,M,Opas,A1,,
N0079,Family and Friends,Schwester,Sister,F,Schwestern,A1,,
N0080,Family and Friends,Tante,Aunt,F,Tanten,A1,,
N0081,Family and Friends,Vater,Father,M,Väter,A1,,
N0082,Food and Drinks,Abendessen,Dinner,N,Abendessen,A1,,
N0083,Food and Drinks,Bier,Beer,N,Biere,A1,,
N0084,Food and Drinks,Brot,Bread,N,Brote,A1,,
N0085,Food and Drinks,Brötchen,Bread roll,N,Brötchen,A1,,
N0086,Food and Drinks,Butter,Butter,F,-,A1,,
N0087,Food and Drinks,Ei,Egg,N,Eier,A1,,
N0088,Food and Drinks,Eis,Ice (or) ice cream,N,-,A1,,
N0089,Food and Drinks,Essen,Food (or) meal,N,Essen,A1,,
N0090,Food and Drinks,Fisch,Fish,M,Fische,A1,,
N0091,Food and Drinks,Fleisch,Meat,N,-,A1,,
N0092,Food and Drinks,Frühstück,Breakfast,N,Frühstücke,A1,,
N0093,Food and Drinks,Getränk,Drink,N,Getränke,A1,,
N0094,Food and Drinks,Kaffee,Coffee,M,Kaffees,A1,,
N0095,Food and Drinks,Käse,Cheese,M,Käse,A1,,
N0096,Food and Drinks,Kuchen,Cake,M,Kuchen,A1,,
N0097,Food and Drinks,Milch,Milk,F,-,A1,,
N0098,Food and Drinks,Mittagessen,Lunch,N,Mittagessen,A1,,
N0099,Food and Drinks,Nachtisch,Dessert,M,Nachtische,A2,,
N0100,Food and Drinks,Öl,Oil,N,Öle,A1,,
N0101,Food and Drinks,Pfeffer,Pepper,M,-,A1,,
N0102,Food and Drinks,Saft,Juice,M,Säfte,A1,,
N0103,Food and Drinks,Salz,Salt,N,-,A1,,
N0104,Food and Drinks,Schokolade,Chocolate,F,Schokoladen,A1,,
N0105,Food and Drinks,Suppe,Soup,F,Suppen,A1,,
N0106,Food and Drinks,Tee,Tea,M,Tees,A1,,
N0107,Food and Drinks,Wasser,Water,N,-,A1,,
N0108,Food and Drinks,Wein,Wine,M,Weine,A1,,
N0109,Food and Drinks,Wurst,Sausage,F,Würste,A1,,
N0110,Fruits and Vegetables,Apfel,Apple,M,Äpfel,A1,,
N0111,Fruits and Vegetables,Banane,Banana,F,Bananen,A1,,
N0112,Fruits and Vegetables,Bohne,Bean,F,Bohnen,A2,,
N0113,Fruits and Vegetables,Champignon,Mushroom,M,Champignons,A2,,
N0114,Fruits and Vegetables,Erbse,Pea,F,Erbsen,A2,,
N0115,Fruits and Vegetables,Gemüse,Vegetables,N,-,A1,,
N0116,Fruits and Vegetables,Gurke,Cucumber,F,Gurken,A1,,
N0117,Fruits and Vegetables,Karotte,Carrot,F,Karotten,A1,,
N0118,Fruits and Vegetables,Kartoffel,Potato,F,Kartoffeln,A1,,
N0119,Fruits and Vegetables,Kopfsalat,Lettuce,M,Kopfsalate,B1,,
N0120,Fruits and Vegetables,Obst,Fruit,N,-,A1,,
N0121,Fruits and Vegetables,Orange,Orange,F,Orangen,A1,,
N0122,Fruits and Vegetables,Salat,Salad (or) lettuce,M,Salate,A1,,
N0123,Fruits and Vegetables,Tomate,Tomato,F,Tomaten,A1,,
N0124,Fruits and Vegetables,Zwiebel,Onion,F,Zwiebeln,A1,,
N0125,Home,Abstellraum,Storage room,M,Abstellräume,B1,,
N0126,Home,Backofen,Oven,M,Backöfen,A2,,
N0127,Home,Bad,Bathroom,N,Bäder,A1,,
N0128,Home,Badewanne,Bathtub,F,Badewannen,A2,,
N0129,Home,Badezimmer,Bathroom,N,Badezimmer,A1,,
N0130,Home,Balkon,Balcony,M,Balkons|Balkone,A1,,
N0131,Home,Besen,Broom,M,Besen,A2,,
N0132,Home,Bett,Bed,N,Betten,A1,,
N0133,Home,Boden,Floor (surface) (or) ground,M,Böden,A1,,
N0134,Home,Bücherregal,Bookshelf,N,Bücherregale,A2,,
N0135,Home,Bügeleisen,Iron (for clothes),N,Bügeleisen,A2,,
N0136,Home,Dachboden,Attic (or) loft,M,Dachböden,A2,,
N0137,Home,Decke,Ceiling (or) blanket,F,Decken,A1,,
N0138,Home,Dusche,Shower,F,Duschen,A1,,
N0139,Home,Esszimmer,Dining room,N,Esszimmer,A2,,
N0140,Home,Fenster,Window,N,Fenster,A1,,
N0141,Home,Fernseher,TV set (or) television set,M,Fernseher,A1,,
N0142,Home,Flur,Hallway,M,Flure,A2,,
N0143,Home,Garage,Garage,F,Garagen,A1,,
N0144,Home,Garten,Garden,M,Gärten,A1,,
N0145,Home,Gießkanne,Watering can,F,Gießkannen,B1,,
N0146,Home,Haarbürste,Hairbrush,F,Haarbürsten,A2,,
N0147,Home,Handtuch,Towel,N,Handtücher,A1,,
N0148,Home,Haus,House,N,Häuser,A1,,
N0149,Home,Herd,Stove (or) cooker,M,Herde,A1,,
N0150,Home,Kamm,Comb,M,Kämme,B1,,
N0151,Home,Keller,Cellar (or) basement,M,Keller,A1,,
N0152,Home,Kommode,Chest of drawers,F,Kommoden,A2,,
N0153,Home,Küche,Kitchen,F,Küchen,A1,,
N0154,Home,Kühlschrank,Refrigerator,M,Kühlschränke,A1,,
N0155,Home,Lampe,Lamp,F,Lampen,A1,,
N0156,Home,Licht,Light,N,Lichter,A1,,
N0157,Home,Lichtschalter,Light switch,M,Lichtschalter,B1,,
N0158,Home,Matratze,Mattress,F,Matratzen,A2,,
N0159,Home,Mikrowelle,Microwave,F,Mikrowellen,A1,,
N0160,Home,Müll,Rubbish (or) trash,M,-,A2,,
N0161,Home,Mülleimer,Trash can (or) bin,M,Mülleimer,A2,,
N0162,Home,Parfüm,Perfume,N,Parfüms|Parfüme,B1,,
N0163,Home,Putzmittel,Cleaning product,N,Putzmittel,B1,,
N0164,Home,Rasen,Lawn,M,Rasen,B1,,
N0165,Home,Rasierer,Razor,M,Rasierer,B1,,
N0166,Home,Raum,Room (or) space,M,Räume,A2,,
N0167,Home,Regal,Shelf,N,Regale,A2,,
N0168,Home,Schaufel,Shovel,F,Schaufeln,B1,,
N0169,Home,Schlüssel,Key,M,Schlüssel,A1,,
N0170,Home,Schlüsselbund,Bunch of keys (or) keyring,M|N,Schlüsselbunde,B1,,
N0171,Home,Schrank,Cupboard (or) wardrobe,M,Schränke,A1,,
N0172,Home,Seife,Soap,F,Seifen,A1,,
N0173,Home,Sessel,Armchair,M,Sessel,A2,,
N0174,Home,Shampoo,Shampoo,N,Shampoos,A2,,
N0175,Home,Sofa,Sofa,N,Sofas,A1,,
N0176,Home,Spiegel,Mirror,M,Spiegel,A1,,
N0177,Home,Spülmaschine,Dishwasher,F,Spülmaschinen,A1,,
N0178,Home,Geschirrspüler,Dishwasher,M,Geschirrspüler,A2,,
N0179,Home,Staubsauger,Vacuum cleaner,M,Staubsauger,A2,,
N0180,Home,Steckdose,Power outlet (or) socket,F,Steckdosen,A2,,
N0181,Home,Strom,Electricity,M,-,A1,,
N0182,Home,Stuhl,Chair,M,Stühle,A1,,
N0183,Home,Teppich,Carpet (or) rug,M,Teppiche,A2,,
N0184,Home,Terrasse,Terrace (or) patio,F,Terrassen,A1,,
N0185,Home,Tisch,Table,M,Tische,A1,,
N0186,Home,Toilette,Toilet,F,Toiletten,A1,,
N0187,Home,Treppe,Stairs,F,Treppen,A1,,
N0188,Home,Tür,Door,F,Türen,A1,,
N0189,Home,Türschloss,Door lock,N,Türschlösser,B1,,
N0190,Home,Untergeschoss,Basement,N,Untergeschosse,B1,,
N0191,Home,Vorhang,Curtain,M,Vorhänge,A2,,
N0192,Home,Wand,Wall,F,Wände,A1,,
N0193,Home,Wäsche,Laundry (or) washing,F,-,A2,,
N0194,Home,Waschküche,Laundry room,F,Waschküchen,B1,,
N0195,Home,Waschmaschine,Washing machine,F,Waschmaschinen,A1,,
N0196,Home,Wohnung,Apartment (or) flat,F,Wohnungen,A1,,
N0197,Home,Wohnzimmer,Living room,N,Wohnzimmer,A1,,
N0198,Home,Zahnbürste,Toothbrush,F,Zahnbürsten,A2,,
N0199,Home,Zahnpasta,Toothpaste,F,Zahnpasten,A2,,
N0200,Home,Zimmer,Room,N,Zimmer,A1,,
N0201,Restaurant,Appetit,Appetite,M,-,B1,,
N0202,Restaurant,Durst,Thirst,M,-,A1,,
N0203,Restaurant,Flasche,Bottle,F,Flaschen,A1,,
N0204,Restaurant,Gabel,Fork,F,Gabeln,A1,,
N0205,Restaurant,Geschirr,Dishes (or) crockery,N,-,A2,,
N0206,Restaurant,Glas,Glass,N,Gläser,A1,,
N0207,Restaurant,Hunger,Hunger,M,-,A1,,
N0208,Restaurant,Löffel,Spoon,M,Löffel,A1,,
N0209,Restaurant,Mahlzeit,Meal,F,Mahlzeiten,A2,,
N0210,Restaurant,Menü,Set menu,N,Menüs,A2,,
N0211,Restaurant,Messer,Knife,N,Messer,A1,,
N0212,Restaurant,Rechnung,Bill (or) invoice,F,Rechnungen,A1,,
N0213,Restaurant,Speise,Dish,F,Speisen,B1,,
N0214,Restaurant,Speisekarte,Menu,F,Speisekarten,A1,,
N0215,Restaurant,Tasse,Cup,F,Tassen,A1,,
N0216,Restaurant,Teller,Plate,M,Teller,A1,,
N0217,Restaurant,Tischdecke,Tablecloth,F,Tischdecken,B1,,
N0218,Restaurant,Vegetarier,Vegetarian (male),M,Vegetarier,B1,,
N0219,Time,Abend,Evening,M,Abende,A1,,
N0220,Time,Augenblick,Moment (or) instant,M,Augenblicke,B1,,
N0221,Time,Datum,Date (calendar),N,Daten,A1,,
N0222,Time,Dauer,Duration,F,-,B1,,
N0223,Time,Feiertag,Public holiday,M,Feiertage,A2,,
N0224,Time,Frühling,Spring,M,Frühlinge,A1,,
N0225,Time,Gegenwart,Present (time),F,-,A2,,
N0226,Time,Herbst,Autumn,M,Herbste,A1,,
N0227,Time,Jahr,Year,N,Jahre,A1,,
N0228,Time,Jahreszeit,Season,F,Jahreszeiten,A2,,
N0229,Time,Kalender,Calendar,M,Kalender,A2,,
N0230,Time,Minute,Minute,F,Minuten,A1,,
N0231,Time,Mittag,Noon (or) midday,M,Mittage,A1,,
N0232,Time,Moment,Moment,M,Momente,A1,,
N0233,Time,Monat,Month,M,Monate,A1,,
N0234,Time,Nacht,Night,F,Nächte,A1,,
N0235,Time,Sekunde,Second,F,Sekunden,A2,,
N0236,Time,Sommer,Summer,M,Sommer,A1,,
N0237,Time,Stunde,Hour,F,Stunden,A1,,
N0238,Time,Tag,Day,M,Tage,A1,,
N0239,Time,Termin,Appointment,M,Termine,A1,,
N0240,Time,Uhr,Clock (or) watch,F,Uhren,A1,,
N0241,Time,Uhrzeit,Time (of day),F,Uhrzeiten,A1,,
N0242,Time,Vergangenheit,Past,F,-,A2,,
N0243,Time,Viertel,Quarter,N,Viertel,A1,,
N0244,Time,Winter,Winter,M,Winter,A1,,
N0245,Time,Woche,Week,F,Wochen,A1,,
N0246,Time,Wochenende,Weekend,N,Wochenenden,A1,,
N0247,Time,Zeit,Time,F,Zeiten,A1,,
N0248,Time,Zeitpunkt,Point in time,M,Zeitpunkte,B1,,
N0249,Time,Zeitraum,Period of time,M,Zeiträume,B1,,
N0250,Time,Zukunft,Future,F,-,A2,,
N0251,Nature and Weather,Ast,Branch,M,Äste,A2,,
N0252,Nature and Weather,Baum,Tree,M,Bäume,A1,,
N0253,Nature and Weather,Berg,Mountain,M,Berge,A1,,
N0254,Nature and Weather,Blatt,Leaf (or) sheet of paper,N,Blätter,A2,,
N0255,Nature and Weather,Blitz,Lightning,M,Blitze,A2,,
N0256,Nature and Weather,Blume,Flower,F,Blumen,A1,,
N0257,Nature and Weather,Donner,Thunder,M,-,A2,,
N0258,Nature and Weather,Erde,Earth (or) soil,F,-,A2,,
N0259,Nature and Weather,Feuer,Fire,N,Feuer,A2,,
N0260,Nature and Weather,Fluss,River,M,Flüsse,A1,,
N0261,Nature and Weather,Gewitter,Thunderstorm,N,Gewitter,A2,,
N0262,Nature and Weather,Grad,Degree (temperature),M,Grade|Grad,A2,,
N0263,Nature and Weather,Gras,Grass,N,Gräser,A2,,
N0264,Nature and Weather,Himmel,Sky,M,Himmel,A1,,
N0265,Nature and Weather,Hitze,Heat,F,-,A2,,
N0266,Nature and Weather,Insel,Island,F,Inseln,A2,,
N0267,Nature and Weather,Kälte,Cold (temperature),F,-,A2,,
N0268,Nature and Weather,Klima,Climate,N,Klimas|Klimate|Klimata,A2,,
N0269,Nature and Weather,Küste,Coast,F,Küsten,A2,,
N0270,Nature and Weather,Landschaft,Landscape,F,Landschaften,A2,,
N0271,Nature and Weather,Luft,Air,F,-,A2,,
N0272,Nature and Weather,Meer,Sea,N,Meere,A1,,
N0273,Nature and Weather,Mond,Moon,M,Monde,A2,,
N0274,Nature and Weather,Natur,Nature,F,-,A2,,
N0275,Nature and Weather,Nebel,Fog,M,Nebel,A2,,
N0276,Nature and Weather,Pflanze,Plant,F,Pflanzen,A2,,
N0277,Nature and Weather,Regen,Rain,M,-,A1,,
N0278,Nature and Weather,Regenbogen,Rainbow,M,Regenbogen|Regenbögen,A2,,
N0279,Nature and Weather,Sand,Sand,M,-,A2,,
N0280,Nature and Weather,Schatten,Shadow (or) shade,M,Schatten,B1,,
N0281,Nature and Weather,Schnee,Snow,M,-,A1,,
N0282,Nature and Weather,See,Lake,M,Seen,A1,,
N0283,Nature and Weather,Sonne,Sun,F,Sonnen,A1,,
N0284,Nature and Weather,Sonnenaufgang,Sunrise,M,Sonnenaufgänge,B1,,
N0285,Nature and Weather,Sonnenuntergang,Sunset,M,Sonnenuntergänge,B1,,
N0286,Nature and Weather,Stein,Stone (or) rock,M,Steine,A2,,
N0287,Nature and Weather,Stern,Star,M,Sterne,A2,,
N0288,Nature and Weather,Strand,Beach,M,Strände,A1,,
N0289,Nature and Weather,Strauch,Shrub,M,Sträucher,B1,,
N0290,Nature and Weather,Sturm,Storm,M,Stürme,A2,,
N0291,Nature and Weather,Tal,Valley,N,Täler,A2,,
N0292,Nature and Weather,Temperatur,Temperature,F,Temperaturen,A2,,
N0293,Nature and Weather,Wald,Forest,M,Wälder,A1,,
N0294,Nature and Weather,Welle,Wave,F,Wellen,A2,,
N0295,Nature and Weather,Welt,World,F,Welten,A1,,
N0296,Nature and Weather,Wetter,Weather,N,-,A1,,
N0297,Nature and Weather,Wind,Wind,M,Winde,A1,,
N0298,Nature and Weather,Wolke,Cloud,F,Wolken,A1,,
N0299,Nature and Weather,Wurzel,Root,F,Wurzeln,A2,,
N0300,Nature and Weather,Wüste,Desert,F,Wüsten,B1,,
N0301,Town and Shopping,Bäckerei,Bakery,F,Bäckereien,A1,,
N0302,Town and Shopping,Brief,Letter,M,Briefe,A1,,
N0303,Town and Shopping,Briefmarke,Stamp,F,Briefmarken,A1,,
N0304,Town and Shopping,Buchladen,Bookshop (or) bookstore,M,Buchläden,A2,,
N0305,Town and Shopping,Dorf,Village,N,Dörfer,A1,,
N0306,Town and Shopping,Einkaufszentrum,Shopping center,N,Einkaufszentren,A1,,
N0307,Town and Shopping,Feuerwehr,Fire department,F,Feuerwehren,A2,,
N0308,Town and Shopping,Laden,Shop (or) store,M,Läden,A1,,
N0309,Town and Shopping,Markt,Market,M,Märkte,A1,,
N0310,Town and Shopping,Metzgerei,Butcher's (or) butcher shop,F,Metzgereien,A2,,
N0311,Town and Shopping,Paket,Parcel (or) package,N,Pakete,A1,,
N0312,Town and Shopping,Polizei,Police,F,-,A2,,
N0313,Town and Shopping,Postkarte,Postcard,F,Postkarten,A1,,
N0314,Town and Shopping,Preis,Price (or) prize,M,Preise,A1,,
N0315,Town and Shopping,Rabatt,Discount,M,Rabatte,A2,,
N0316,Town and Shopping,Stadt,City (or) town,F,Städte,A1,,
N0317,Town and Shopping,Stadtplan,City map,M,Stadtpläne,A2,,
N0318,Town and Shopping,Straße,Street,F,Straßen,A1,,
N0319,Town and Shopping,Supermarkt,Supermarket,M,Supermärkte,A1,,
N0320,Town and Shopping,Umschlag,Envelope,M,Umschläge,B1,,
N0321,Transport and Travel,Ampel,Traffic light,F,Ampeln,A1,,
N0322,Transport and Travel,Auto,Car,N,Autos,A1,,
N0323,Transport and Travel,Autobahn,Motorway (or) highway,F,Autobahnen,A1,,
N0324,Transport and Travel,Bahnhof,Train station,M,Bahnhöfe,A1,,
N0325,Transport and Travel,Boot,Boat,N,Boote,A2,,
N0326,Transport and Travel,Brücke,Bridge,F,Brücken,A1,,
N0327,Transport and Travel,Bus,Bus,M,Busse,A1,,
N0328,Transport and Travel,Bushaltestelle,Bus stop,F,Bushaltestellen,A1,,
N0329,Transport and Travel,Campingplatz,Campsite,M,Campingplätze,A2,,
N0330,Transport and Travel,Fahrkarte,Ticket,F,Fahrkarten,A1,,
N0331,Transport and Travel,Ticket,Ticket,N,Tickets,A1,,
N0332,Transport and Travel,Fahrrad,Bicycle,N,Fahrräder,A1,,
N0333,Transport and Travel,Fahrt,Ride (or) journey,F,Fahrten,A1,,
N0334,Transport and Travel,Flug,Flight,M,Flüge,A1,,
N0335,Transport and Travel,Flughafen,Airport,M,Flughäfen,A1,,
N0336,Transport and Travel,Flugzeug,Airplane,N,Flugzeuge,A1,,
N0337,Transport and Travel,Fußgänger,Pedestrian,M,Fußgänger,B1,,
N0338,Transport and Travel,Hafen,Port (or) harbor,M,Häfen,A2,,
N0339,Transport and Travel,Haltestelle,Stop (bus or tram),F,Haltestellen,A1,,
N0340,Transport and Travel,Koffer,Suitcase,M,Koffer,A1,,
N0341,Transport and Travel,Kreuzung,Intersection,F,Kreuzungen,A1,,
N0342,Transport and Travel,Land,Country,N,Länder,A1,,
N0343,Transport and Travel,Motorrad,Motorbike,N,Motorräder,A1,,
N0344,Transport and Travel,Parkhaus,Multi-storey car park,N,Parkhäuser,A2,,
N0345,Transport and Travel,Pension,Guesthouse,F,Pensionen,B1,,
N0346,Transport and Travel,Reise,Trip (or) journey,F,Reisen,A1,,
N0347,Transport and Travel,Reiseführer,Guidebook (or) tour guide,M,Reiseführer,B1,,
N0348,Transport and Travel,Roller,Scooter,M,Roller,B1,,
N0349,Transport and Travel,Rucksack,Backpack,M,Rucksäcke,A2,,
N0350,Transport and Travel,S-Bahn,Suburban train,F,S-Bahnen,A1,,
N0351,Transport and Travel,Schiff,Ship,N,Schiffe,A1,,
N0352,Transport and Travel,Schlafsack,Sleeping bag,M,Schlafsäcke,B1,,
N0353,Transport and Travel,Sitz,Seat,M,Sitze,B1,,
N0354,Transport and Travel,Straßenbahn,Tram,F,Straßenbahnen,A1,,
N0355,Transport and Travel,Tankstelle,Petrol station (or) gas station,F,Tankstellen,A2,,
N0356,Transport and Travel,Taxi,Taxi,N,Taxis,A1,,
N0357,Transport and Travel,Tunnel,Tunnel,M,Tunnel|Tunnels,A2,,
N0358,Transport and Travel,U-Bahn,Underground (or) subway,F,U-Bahnen,A1,,
N0359,Transport and Travel,Unfall,Accident,M,Unfälle,A2,,
N0360,Transport and Travel,Unterkunft,Accommodation,F,Unterkünfte,B1,,
N0361,Transport and Travel,Urlaub,Holiday (or) vacation,M,Urlaube,A1,,
N0362,Transport and Travel,Verkehr,Traffic,M,-,A2,,
N0363,Transport and Travel,Weg,Path (or) way,M,Wege,A1,,
N0364,Transport and Travel,Zebrastreifen,Crosswalk (or) zebra crossing,M,Zebrastreifen,B1,,
N0365,Transport and Travel,Zug,Train,M,Züge,A1,,
N0366,School and Study,Antwort,Answer,F,Antworten,A1,,
N0367,School and Study,Buch,Book,N,Bücher,A1,,
N0368,School and Study,Büroklammer,Paperclip,F,Büroklammern,B1,,
N0369,School and Study,Frage,Question,F,Fragen,A1,,
N0370,School and Study,Geschichte,Story (or) history,F,Geschichten,A2,,
N0371,School and Study,Heft,Exercise book,N,Hefte,A1,,
N0372,School and Study,Hefter,Stapler,M,Hefter,B1,,
N0373,School and Study,Kleber,Glue,M,Kleber,B1,,
N0374,School and Study,Lehrer,Teacher (male),M,Lehrer,A1,,
N0375,School and Study,Lehrerin,Teacher (female),F,Lehrerinnen,A1,,
N0376,School and Study,Lineal,Ruler,N,Lineale,A2,,
N0377,School and Study,Marker,Marker pen,M,Marker,B1,,
N0378,School and Study,Notiz,Note,F,Notizen,A2,,
N0379,School and Study,Notizbuch,Notebook,N,Notizbücher,A2,,
N0380,School and Study,Papier,Paper,N,Papiere,A1,,
N0381,School and Study,Prüfung,Exam,F,Prüfungen,A1,,
N0382,School and Study,Punkt,Point (or) full stop,M,Punkte,A2,,
N0383,School and Study,Satz,Sentence,M,Sätze,A1,,
N0384,School and Study,Schere,Scissors,F,Scheren,A2,,
N0385,School and Study,Schule,School,F,Schulen,A1,,
N0386,School and Study,Schüler,Pupil (male),M,Schüler,A1,,
N0387,School and Study,Schülerin,Pupil (female),F,Schülerinnen,A1,,
N0388,School and Study,Sprache,Language,F,Sprachen,A1,,
N0389,School and Study,Stift,Pen (or) pencil,M,Stifte,A1,,
N0390,School and Study,Kugelschreiber,Pen (or) ballpoint pen,M,Kugelschreiber,A1,,
N0391,School and Study,Student,Student (male),M,Studenten,A1,,
N0392,School and Study,Studentin,Student (female),F,Studentinnen,A1,,
N0393,School and Study,Thema,Topic,N,Themen,A2,,
N0394,School and Study,Universität,University,F,Universitäten,A2,,
N0395,School and Study,Wissen,Knowledge,N,-,B1,,
N0396,School and Study,Wort,Word,N,Wörter|Worte,A1,,
N0397,Hobbies and Sport,Abenteuer,Adventure,N,Abenteuer,B1,,
N0398,Hobbies and Sport,Ball,Ball,M,Bälle,A1,,
N0399,Hobbies and Sport,Bild,Picture,N,Bilder,A1,,
N0400,Hobbies and Sport,Bühne,Stage,F,Bühnen,A2,,
N0401,Hobbies and Sport,Feuerwerk,Fireworks,N,Feuerwerke,B1,,
N0402,Hobbies and Sport,Film,Film (or) movie,M,Filme,A1,,
N0403,Hobbies and Sport,Fitnessstudio,Gym,N,Fitnessstudios,A1,,
N0404,Hobbies and Sport,Flöte,Flute,F,Flöten,B1,,
N0405,Hobbies and Sport,Geige,Violin,F,Geigen,B1,,
N0406,Hobbies and Sport,Gitarre,Guitar,F,Gitarren,A2,,
N0407,Hobbies and Sport,Instrument,Instrument,N,Instrumente,A2,,
N0408,Hobbies and Sport,Kino,Cinema,N,Kinos,A1,,
N0409,Hobbies and Sport,Klavier,Piano,N,Klaviere,A2,,
N0410,Hobbies and Sport,Konzert,Concert,N,Konzerte,A1,,
N0411,Hobbies and Sport,Lied,Song,N,Lieder,A1,,
N0412,Hobbies and Sport,Mannschaft,Team,F,Mannschaften,A2,,
N0413,Hobbies and Sport,Team,Team,N,Teams,A2,,
N0414,Hobbies and Sport,Musik,Music,F,-,A1,,
N0415,Hobbies and Sport,Niederlage,Defeat,F,Niederlagen,B1,,
N0416,Hobbies and Sport,Publikum,Audience,N,-,B1,,
N0417,Hobbies and Sport,Puppe,Doll,F,Puppen,A2,,
N0418,Hobbies and Sport,Puzzle,Puzzle,N,Puzzles,B1,,
N0419,Hobbies and Sport,Rutsche,Slide,F,Rutschen,B1,,
N0420,Hobbies and Sport,Sandkasten,Sandpit (or) sandbox,M,Sandkästen|Sandkasten,B1,,
N0421,Hobbies and Sport,Schaukel,Swing,F,Schaukeln,B1,,
N0422,Hobbies and Sport,Schiedsrichter,Referee (male),M,Schiedsrichter,A2,,
N0423,Hobbies and Sport,Sieg,Victory,M,Siege,B1,,
N0424,Hobbies and Sport,Spiel,Game,N,Spiele,A1,,
N0425,Hobbies and Sport,Spieler,Player (male),M,Spieler,A2,,
N0426,Hobbies and Sport,Spielerin,Player (female),F,Spielerinnen,A2,,
N0427,Hobbies and Sport,Spielplatz,Playground,M,Spielplätze,A1,,
N0428,Hobbies and Sport,Spielzeug,Toy,N,Spielzeuge,A2,,
N0429,Hobbies and Sport,Sportplatz,Sports field,M,Sportplätze,A2,,
N0430,Hobbies and Sport,Stadion,Stadium,N,Stadien,A2,,
N0431,Hobbies and Sport,Tanz,Dance,M,Tänze,A2,,
N0432,Hobbies and Sport,Theater,Theater,N,Theater,A2,,
N0433,Hobbies and Sport,Tor,Goal (football) (or) gate,N,Tore,A2,,
N0434,Hobbies and Sport,Training,Training,N,Trainings,A2,,
N0435,Hobbies and Sport,Trommel,Drum,F,Trommeln,B1,,
N0436,Hobbies and Sport,Wanderung,Hike,F,Wanderungen,A2,,
N0437,Hobbies and Sport,Wettbewerb,Competition,M,Wettbewerbe,B1,,
N0438,Hobbies and Sport,Yoga,Yoga,N|M,-,B1,,
N0439,Hobbies and Sport,Zeitung,Newspaper,F,Zeitungen,A1,,
N0440,Hobbies and Sport,Zuschauer,Spectator,M,Zuschauer,B1,,
N0441,Work and Jobs,Abteilung,Department,F,Abteilungen,A2,,
N0442,Work and Jobs,Anweisung,Instruction,F,Anweisungen,B1,,
N0443,Work and Jobs,Arbeit,Work,F,Arbeiten,A1,,
N0444,Work and Jobs,Arbeitsplatz,Workplace (or) job,M,Arbeitsplätze,A2,,
N0445,Work and Jobs,Aufgabe,Task (or) exercise,F,Aufgaben,A2,,
N0446,Work and Jobs,Bericht,Report,M,Berichte,A2,,
N0447,Work and Jobs,Beruf,Job (or) profession,M,Berufe,A1,,
N0448,Work and Jobs,Job,Job,M,Jobs,A1,,
N0449,Work and Jobs,Besprechung,Meeting,F,Besprechungen,A2,,
N0450,Work and Jobs,Treffen,Meeting,N,Treffen,A2,,
N0451,Work and Jobs,Bewerbung,Job application,F,Bewerbungen,A2,,
N0452,Work and Jobs,Bewerbungsschreiben,Cover letter,N,Bewerbungsschreiben,B1,,
N0453,Work and Jobs,Büro,Office,N,Büros,A1,,
N0454,Work and Jobs,Chef,Boss (male),M,Chefs,A1,,
N0455,Work and Jobs,Chefin,Boss (female),F,Chefinnen,A1,,
N0456,Work and Jobs,Diskussion,Discussion,F,Diskussionen,B1,,
N0457,Work and Jobs,Feierabend,End of the working day,M,Feierabende,A2,,
N0458,Work and Jobs,Feuerwehrfrau,Firefighter (female),F,Feuerwehrfrauen,A2,,
N0459,Work and Jobs,Feuerwehrmann,Firefighter (male),M,Feuerwehrmänner|Feuerwehrleute,A2,,
N0460,Work and Jobs,Firma,Company (or) firm,F,Firmen,A1,,
N0461,Work and Jobs,Fortbildung,Further training,F,Fortbildungen,B1,,
N0462,Work and Jobs,Frist,Deadline,F,Fristen,A2,,
N0463,Work and Jobs,Gehalt,Salary,N,Gehälter,B1,,
N0464,Work and Jobs,Herausforderung,Challenge,F,Herausforderungen,B1,,
N0465,Work and Jobs,Kollege,Colleague (male),M,Kollegen,A1,,
N0466,Work and Jobs,Kollegin,Colleague (female),F,Kolleginnen,A1,,
N0467,Work and Jobs,Kunde,Customer (male),M,Kunden,A2,,
N0468,Work and Jobs,Kündigung,Resignation (or) dismissal,F,Kündigungen,B1,,
N0469,Work and Jobs,Kundin,Customer (female),F,Kundinnen,A2,,
N0470,Work and Jobs,Lebenslauf,CV (or) résumé,M,Lebensläufe,A2,,
N0471,Work and Jobs,Lohn,Wage,M,Löhne,B1,,
N0472,Work and Jobs,Pause,Break,F,Pausen,A1,,
N0473,Work and Jobs,Plan,Plan,M,Pläne,A2,,
N0474,Work and Jobs,Polizist,Police officer (male),M,Polizisten,A1,,
N0475,Work and Jobs,Polizistin,Police officer (female),F,Polizistinnen,A2,,
N0476,Work and Jobs,Präsentation,Presentation,F,Präsentationen,B1,,
N0477,Work and Jobs,Projekt,Project,N,Projekte,A2,,
N0478,Work and Jobs,Regisseur,Film director (male),M,Regisseure,B1,,
N0479,Work and Jobs,Regisseurin,Film director (female),F,Regisseurinnen,B1,,
N0480,Work and Jobs,Schauspieler,Actor (male),M,Schauspieler,A2,,
N0481,Work and Jobs,Schauspielerin,Actor (female),F,Schauspielerinnen,A2,,
N0482,Work and Jobs,Schreibtisch,Desk,M,Schreibtische,A2,,
N0483,Work and Jobs,Schulung,Training session,F,Schulungen,B1,,
N0484,Work and Jobs,Überstunde,Hour of overtime,F,Überstunden,B1,,
N0485,Work and Jobs,Unterschrift,Signature,F,Unterschriften,A1,,
N0486,Work and Jobs,Verantwortung,Responsibility,F,-,B1,,
N0487,Work and Jobs,Vereinbarung,Agreement,F,Vereinbarungen,B1,,
N0488,Work and Jobs,Vertrag,Contract,M,Verträge,B1,,
N0489,Money,Bank,Bank,F,Banken,A1,,
N0490,Money,Bargeld,Cash,N,-,A2,,
N0491,Money,Brieftasche,Wallet,F,Brieftaschen,B1,,
N0492,Money,Cent,Cent,M,Cents|Cent,A1,,
N0493,Money,Dollar,Dollar,M,Dollars|Dollar,A2,,
N0494,Money,Euro,Euro,M,Euros|Euro,A1,,
N0495,Money,Geld,Money,N,-,A1,,
N0496,Money,Geldautomat,ATM (or) cash machine,M,Geldautomaten,A2,,
N0497,Money,Geldbörse,Purse (or) wallet,F,Geldbörsen,B1,,
N0498,Money,Konto,Bank account,N,Konten|Kontos|Konti,A1,,
N0499,Money,Kreditkarte,Credit card,F,Kreditkarten,A1,,
N0500,Money,Münze,Coin,F,Münzen,A2,,
N0501,Money,Pfund,Pound,N,Pfunde|Pfund,A2,,
N0502,Money,Portemonnaie,Wallet (or) purse,N,Portemonnaies,A1,,
N0503,Money,Sparkasse,Savings bank,F,Sparkassen,B1,,
N0504,Money,Taschengeld,Pocket money,N,-,A2,,
N0505,Health,Apotheke,Pharmacy,F,Apotheken,A1,,
N0506,Health,Arzt,Doctor (male),M,Ärzte,A1,,
N0507,Health,Ärztin,Doctor (female),F,Ärztinnen,A1,,
N0508,Health,Arztpraxis,Doctor's surgery (or) doctor's office (or) doctor's practice,F,Arztpraxen,A2,,
N0509,Health,Diagnose,Diagnosis,F,Diagnosen,B1,,
N0510,Health,Erkältung,Cold (illness),F,Erkältungen,A1,,
N0511,Health,Fieber,Fever,N,-,A1,,
N0512,Health,Gesundheit,Health,F,-,A1,,
N0513,Health,Grippe,Flu,F,-,A2,,
N0514,Health,Husten,Cough,M,-,A1,,
N0515,Health,Krankenhaus,Hospital,N,Krankenhäuser,A1,,
N0516,Health,Krankenpfleger,Nurse (male),M,Krankenpfleger,B1,,
N0517,Health,Krankenschwester,Nurse (female),F,Krankenschwestern,A2,,
N0518,Health,Krankheit,Illness,F,Krankheiten,A2,,
N0519,Health,Medikament,Medicine,N,Medikamente,A1,,
N0520,Health,Operation,Operation (surgery),F,Operationen,B1,,
N0521,Health,Patient,Patient (male),M,Patienten,B1,,
N0522,Health,Patientin,Patient (female),F,Patientinnen,B1,,
N0523,Health,Pflaster,Plaster (or) band-aid,N,Pflaster,A2,,
N0524,Health,Rezept,Prescription (or) recipe,N,Rezepte,A2,,
N0525,Health,Schmerz,Pain,M,Schmerzen,A1,,
N0526,Health,Spritze,Injection,F,Spritzen,A2,,
N0527,Health,Tablette,Tablet (or) pill,F,Tabletten,A1,,
N0528,Health,Untersuchung,Examination (medical),F,Untersuchungen,A2,,
N0529,Health,Verband,Bandage,M,Verbände,A2,,
N0530,Health,Verletzung,Injury,F,Verletzungen,B1,,
N0531,Health,Versicherung,Insurance,F,Versicherungen,B1,,
N0532,Health,Wartezimmer,Waiting room,N,Wartezimmer,A2,,
N0533,Health,Zahnarzt,Dentist (male),M,Zahnärzte,A2,,
N0534,Health,Zahnärztin,Dentist (female),F,Zahnärztinnen,A2,,
N0535,Technology,Akku,Rechargeable battery,M,Akkus,A2,,
N0536,Technology,App,App,F,Apps,A2,,
N0537,Technology,Backup,Backup,N|M,Backups,B1,,
N0538,Technology,Batterie,Battery,F,Batterien,A2,,
N0539,Technology,Benutzername,Username,M,Benutzernamen,A2,,
N0540,Technology,Betriebssystem,Operating system,N,Betriebssysteme,B1,,
N0541,Technology,Bildschirm,Screen (or) monitor,M,Bildschirme,A1,,
N0542,Technology,Cloud,Cloud (computing),F,Clouds,B1,,
N0543,Technology,Computer,Computer,M,Computer,A1,,
N0544,Technology,Controller,Game controller,M,Controller,B1,,
N0545,Technology,Datei,File,F,Dateien,A2,,
N0546,Technology,Dokument,Document,N,Dokumente,B1,,
N0547,Technology,Drucker,Printer,M,Drucker,A1,,
N0548,Technology,E-Mail,Email,F,E-Mails,A1,,
N0549,Technology,Festplatte,Hard drive,F,Festplatten,B1,,
N0550,Technology,Handy,Mobile phone,N,Handys,A1,,
N0551,Technology,Hardware,Hardware,F,-,B1,,
N0552,Technology,Internet,Internet,N,-,A1,,
N0553,Technology,Kamera,Camera,F,Kameras,A1,,
N0554,Technology,Konsole,Games console,F,Konsolen,B1,,
N0555,Technology,Kopfhörer,Headphones (a pair),M,Kopfhörer,A2,,
N0556,Technology,Kopierer,Photocopier,M,Kopierer,B1,,
N0557,Technology,Ladegerät,Charger,N,Ladegeräte,A2,,
N0558,Technology,Laptop,Laptop,M|N,Laptops,A1,,
N0559,Technology,Lautsprecher,Loudspeaker,M,Lautsprecher,A2,,
N0560,Technology,Mikrofon,Microphone,N,Mikrofone,B1,,
N0561,Technology,Modem,Modem,N|M,Modems,B1,,
N0562,Technology,Netzwerk,Network,N,Netzwerke,B1,,
N0563,Technology,Ordner,Folder,M,Ordner,A2,,
N0564,Technology,Passwort,Password,N,Passwörter,A2,,
N0565,Technology,Programm,Program (software),N,Programme,A2,,
N0566,Technology,Router,Router,M,Router,B1,,
N0567,Technology,Scanner,Scanner,M,Scanner,B1,,
N0568,Technology,Server,Server,M,Server,B1,,
N0569,Technology,Software,Software,F,-,B1,,
N0570,Technology,Speicher,Storage (or) memory (computer),M,Speicher,B1,,
N0571,Technology,Stromkabel,Power cable,N,Stromkabel,B1,,
N0572,Technology,Tastatur,Keyboard,F,Tastaturen,A2,,
N0573,Technology,Telefon,Telephone,N,Telefone,A1,,
N0574,Technology,Update,Update,N,Updates,B1,,
N0575,Technology,Verbindung,Connection,F,Verbindungen,B1,,
N0576,Technology,Webcam,Webcam,F,Webcams,B1,,
N0577,Technology,Webseite,Website,F,Webseiten,A2,,
N0578,Technology,Website,Website,F,Websites,A2,,
N0579,Emotions,Angst,Fear,F,Ängste,A2,,
N0580,Emotions,Begeisterung,Enthusiasm,F,-,B1,,
N0581,Emotions,Dankbarkeit,Gratitude,F,-,B1,,
N0582,Emotions,Eifersucht,Jealousy,F,-,B1,,
N0583,Emotions,Einsamkeit,Loneliness,F,-,B1,,
N0584,Emotions,Empörung,Outrage,F,-,B1,,
N0585,Emotions,Entsetzen,Horror,N,-,B1,,
N0586,Emotions,Enttäuschung,Disappointment,F,Enttäuschungen,B1,,
N0587,Emotions,Erleichterung,Relief,F,-,B1,,
N0588,Emotions,Freude,Joy,F,-,A2,,
N0589,Emotions,Frustration,Frustration,F,Frustrationen,B1,,
N0590,Emotions,Gefühl,Feeling,N,Gefühle,A2,,
N0591,Emotions,Gelassenheit,Calmness,F,-,B1,,
N0592,Emotions,Glück,Happiness (or) luck,N,-,A1,,
N0593,Emotions,Hass,Hate,M,-,B1,,
N0594,Emotions,Hoffnung,Hope,F,Hoffnungen,A2,,
N0595,Emotions,Liebe,Love,F,-,A2,,
N0596,Emotions,Mitgefühl,Compassion,N,-,B1,,
N0597,Emotions,Neid,Envy,M,-,B1,,
N0598,Emotions,Nervosität,Nervousness,F,-,B1,,
N0599,Emotions,Scham,Shame,F,-,B1,,
N0600,Emotions,Sehnsucht,Longing,F,Sehnsüchte,B1,,
N0601,Emotions,Stolz,Pride,M,-,A2,,
N0602,Emotions,Trauer,Grief (or) mourning,F,-,A2,,
N0603,Emotions,Überraschung,Surprise,F,Überraschungen,A2,,
N0604,Emotions,Unruhe,Restlessness,F,-,B1,,
N0605,Emotions,Verlegenheit,Embarrassment,F,-,B1,,
N0606,Emotions,Verzweiflung,Despair,F,-,B1,,
N0607,Emotions,Wut,Anger,F,-,A2,,
N0608,Emotions,Zufriedenheit,Contentment,F,-,B1,,
N0609,Emotions,Zuneigung,Affection,F,-,B1,,
N0610,General,Adresse,Address,F,Adressen,A1,,
N0611,General,Bewegung,Movement (or) exercise (physical activity),F,Bewegungen,A2,,
N0612,General,Fortschritt,Progress,M,Fortschritte,B1,,
N0613,General,Geschenk,Present (or) gift,N,Geschenke,A1,,
N0614,General,Idee,Idea,F,Ideen,A1,,
N0615,General,Karte,Card (or) map,F,Karten,A1,,
N0616,General,Länge,Length,F,Längen,B1,,
N0617,General,Lärm,Noise,M,-,A2,,
N0618,General,Leben,Life,N,Leben,A2,,
N0619,General,Lösung,Solution,F,Lösungen,A2,,
N0620,General,Meinung,Opinion,F,Meinungen,A2,,
N0621,General,Nachname,Surname (or) last name (or) family name,M,Nachnamen,A1,,
N0622,General,Nachricht,Message (or) news,F,Nachrichten,A1,,
N0623,General,Name,Name,M,Namen,A1,,
N0624,General,Problem,Problem,N,Probleme,A1,,
N0625,General,Reich,Empire (or) realm,N,Reiche,B1,,
N0626,General,Telefonnummer,Phone number,F,Telefonnummern,A1,,
N0627,General,Vorname,First name,M,Vornamen,A1,,
N0628,Work and Jobs,Ausbildung,Apprenticeship (or) vocational training,F,Ausbildungen,A2,,
N0629,Work and Jobs,Erfahrung,Experience,F,Erfahrungen,A2,,
N0630,Work and Jobs,Karriere,Career,F,Karrieren,B1,,
N0631,Work and Jobs,Mitarbeiter,Employee (male),M,Mitarbeiter,A2,,
N0632,Work and Jobs,Mitarbeiterin,Employee (female),F,Mitarbeiterinnen,A2,,
N0633,Work and Jobs,Arbeitgeber,Employer,M,Arbeitgeber,B1,,
N0634,Work and Jobs,Arbeitnehmer,Employee (male) (or) worker,M,Arbeitnehmer,B1,,
N0635,Work and Jobs,Gewerkschaft,Trade union,F,Gewerkschaften,B1,,
N0636,Work and Jobs,Praktikum,Internship,N,Praktika,A2,,
N0637,Work and Jobs,Stelle,Position (or) job opening,F,Stellen,B1,,
N0638,Work and Jobs,Vorstellungsgespräch,Job interview,N,Vorstellungsgespräche,B1,,
N0639,Work and Jobs,Zeugnis,Certificate (or) school report,N,Zeugnisse,A2,,
N0640,Work and Jobs,Teilzeit,Part-time work,F,-,B1,,
N0641,Work and Jobs,Vollzeit,Full-time work,F,-,B1,,
N0642,Work and Jobs,Schicht,Shift,F,Schichten,B1,,
N0643,Work and Jobs,Streik,Strike,M,Streiks,B1,,
N0644,Work and Jobs,Arbeitslosigkeit,Unemployment,F,-,B1,,
N0645,Work and Jobs,Konferenz,Conference,F,Konferenzen,B1,,
N0646,Work and Jobs,Protokoll,Minutes (or) record,N,Protokolle,B1,,
N0647,Work and Jobs,Abgabetermin,Deadline,M,Abgabetermine,B1,,
N0648,Work and Jobs,Handwerker,Craftsman (or) tradesman,M,Handwerker,B1,,
N0649,Work and Jobs,Ingenieur,Engineer,M,Ingenieure,B1,,
N0650,Work and Jobs,Anwalt,Lawyer (male),M,Anwälte,B1,,
N0651,Work and Jobs,Anwältin,Lawyer (female),F,Anwältinnen,B1,,
N0652,Work and Jobs,Journalist,Journalist,M,Journalisten,B1,,
N0653,Work and Jobs,Wissenschaftler,Scientist,M,Wissenschaftler,B1,,
N0654,Work and Jobs,Unternehmen,Company (or) enterprise,N,Unternehmen,B1,,
N0655,Work and Jobs,Abteilungsleiter,Head of department,M,Abteilungsleiter,B1,,
N0656,Work and Jobs,Kollegium,Staff (or) team of colleagues,N,Kollegien,B1,,
N0657,Work and Jobs,Selbstständigkeit,Self-employment,F,-,B1,,
N0658,School and Study,Abitur,A-levels (or) school-leaving exam,N,-,B1,,
N0659,School and Study,Vorlesung,Lecture,F,Vorlesungen,B1,,
N0660,School and Study,Seminar,Seminar,N,Seminare,B1,,
N0661,School and Study,Semester,Semester,N,Semester,B1,,
N0662,School and Study,Abschluss,Degree (university) (or) qualification,M,Abschlüsse,B1,,
N0663,School and Study,Note,Grade (or) mark,F,Noten,A2,,
N0664,School and Study,Hausaufgabe,Homework task,F,Hausaufgaben,A1,,
N0665,School and Study,Klausur,Written exam,F,Klausuren,B1,,
N0666,School and Study,Fach,Subject,N,Fächer,A2,,
N0667,School and Study,Stundenplan,Timetable (school),M,Stundenpläne,A2,,
N0668,School and Study,Bibliothek,Library,F,Bibliotheken,A2,,
N0669,School and Study,Forschung,Research,F,-,B1,,
N0670,School and Study,Vortrag,Talk (or) presentation,M,Vorträge,B1,,
N0671,School and Study,Stipendium,Scholarship,N,Stipendien,B1,,
N0672,School and Study,Wörterbuch,Dictionary,N,Wörterbücher,A1,,
N0673,School and Study,Grammatik,Grammar,F,Grammatiken,A2,,
N0674,School and Study,Wortschatz,Vocabulary,M,Wortschätze,B1,,
N0675,School and Study,Übersetzung,Translation,F,Übersetzungen,B1,,
N0676,School and Study,Bedeutung,Meaning,F,Bedeutungen,B1,,
N0677,School and Study,Erklärung,Explanation,F,Erklärungen,B1,,
N0678,School and Study,Beispiel,Example,N,Beispiele,A1,,
N0679,School and Study,Regel,Rule,F,Regeln,A2,,
N0680,School and Study,Fehler,Mistake,M,Fehler,A2,,
N0681,School and Study,Kenntnis,Knowledge (or) skill,F,Kenntnisse,B1,,
N0682,School and Study,Muttersprache,Mother tongue,F,Muttersprachen,A2,,
N0683,School and Study,Fremdsprache,Foreign language,F,Fremdsprachen,A2,,
N0684,Home,Miete,Rent,F,Mieten,A1,,
N0685,Home,Vermieter,Landlord,M,Vermieter,A2,,
N0686,Home,Mieter,Tenant,M,Mieter,A2,,
N0687,Home,Nachbar,Neighbour (male),M,Nachbarn,A1,,
N0688,Home,Nachbarin,Neighbour (female),F,Nachbarinnen,A2,,
N0689,Home,Umzug,Move (house),M,Umzüge,A2,,
N0690,Home,Einrichtung,Furnishings (or) furniture,F,Einrichtungen,B1,,
N0691,Home,Heizung,Heating,F,Heizungen,A2,,
N0692,Home,Dach,Roof,N,Dächer,A2,,
N0693,Home,Stockwerk,Floor (or) storey,N,Stockwerke,B1,,
N0694,Home,Erdgeschoss,Ground floor,N,Erdgeschosse,A2,,
N0695,Home,Aufzug,Lift (or) elevator,M,Aufzüge,A2,,
N0696,Home,Fahrstuhl,Lift (or) elevator,M,Fahrstühle,A2,,
N0697,Home,Eingang,Entrance,M,Eingänge,A2,,
N0698,Home,Ausgang,Exit,M,Ausgänge,A2,,
N0699,Home,Hausmeister,Caretaker (or) janitor,M,Hausmeister,B1,,
N0700,Home,Vorort,Suburb,M,Vororte,B1,,
N0701,Home,Innenstadt,City centre,F,Innenstädte,A2,,
N0702,Home,Grundstück,Plot of land (or) property,N,Grundstücke,B1,,
N0703,Home,Reihenhaus,Terraced house,N,Reihenhäuser,B1,,
N0704,Home,Einfamilienhaus,Detached house,N,Einfamilienhäuser,B1,,
N0705,Home,Hochhaus,High-rise building,N,Hochhäuser,B1,,
N0706,Home,Wohngemeinschaft,Shared flat,F,Wohngemeinschaften,B1,,
N0707,Home,Kaution,Deposit,F,Kautionen,B1,,
N0708,Home,Hausordnung,House rules,F,Hausordnungen,B1,,
N0709,Home,Werkzeug,Tool,N,Werkzeuge,B1,,
N0710,Home,Leiter,Ladder,F,Leitern,B1,,
N0711,Home,Glühbirne,Light bulb,F,Glühbirnen,B1,,
N0712,Home,Vorrat,Supply (or) stock,M,Vorräte,B1,,
N0713,Home,Abfall,Waste (or) rubbish,M,Abfälle,B1,,
N0714,Town and Shopping,Rathaus,Town hall,N,Rathäuser,A2,,
N0715,Town and Shopping,Behörde,Authority (or) government office,F,Behörden,B1,,
N0716,Town and Shopping,Amt,Authority (or) government office,N,Ämter,B1,,
N0717,Town and Shopping,Bürgersteig,Pavement (or) sidewalk,M,Bürgersteige,B1,,
N0718,Town and Shopping,Fußgängerzone,Pedestrian zone,F,Fußgängerzonen,A2,,
N0719,Town and Shopping,Denkmal,Monument,N,Denkmäler|Denkmale,B1,,
N0720,Town and Shopping,Sehenswürdigkeit,Sight (or) attraction,F,Sehenswürdigkeiten,A2,,
N0721,Town and Shopping,Angebot,Offer (or) special deal,N,Angebote,A2,,
N0722,Town and Shopping,Kasse,Checkout (or) till,F,Kassen,A1,,
N0723,Town and Shopping,Quittung,Receipt,F,Quittungen,A2,,
N0724,Town and Shopping,Umtausch,Exchange (of goods),M,-,B1,,
N0725,Town and Shopping,Garantie,Guarantee (or) warranty,F,Garantien,B1,,
N0726,Town and Shopping,Reklamation,Complaint (about goods),F,Reklamationen,B1,,
N0727,Town and Shopping,Kaufhaus,Department store,N,Kaufhäuser,A2,,
N0728,Town and Shopping,Schaufenster,Shop window,N,Schaufenster,B1,,
N0729,Town and Shopping,Verkäufer,Shop assistant (male),M,Verkäufer,A1,,
N0730,Town and Shopping,Verkäuferin,Shop assistant (female),F,Verkäuferinnen,A2,,
N0731,Town and Shopping,Werbung,Advertising,F,-,A2,,
N0732,Town and Shopping,Marke,Brand,F,Marken,B1,,
N0733,Town and Shopping,Qualität,Quality,F,Qualitäten,B1,,
N0734,Town and Shopping,Bestellung,Order,F,Bestellungen,B1,,
N0735,Town and Shopping,Lieferung,Delivery,F,Lieferungen,B1,,
N0736,Town and Shopping,Kiosk,Kiosk,M,Kioske,A2,,
N0737,Town and Shopping,Drogerie,Drugstore,F,Drogerien,A2,,
N0738,Town and Shopping,Friseur,Hairdresser (male),M,Friseure,A2,,
N0739,Town and Shopping,Bürgermeister,Mayor,M,Bürgermeister,B1,,
N0740,Transport and Travel,Verspätung,Delay,F,Verspätungen,A2,,
N0741,Transport and Travel,Anschluss,Connection,M,Anschlüsse,B1,,
N0742,Transport and Travel,Gleis,Platform (or) track,N,Gleise,A2,,
N0743,Transport and Travel,Abfahrt,Departure,F,Abfahrten,A1,,
N0744,Transport and Travel,Ankunft,Arrival,F,Ankünfte,A1,,
N0745,Transport and Travel,Fahrplan,Timetable (bus or train),M,Fahrpläne,A1,,
N0746,Transport and Travel,Führerschein,Driving licence,M,Führerscheine,A2,,
N0747,Transport and Travel,Stau,Traffic jam,M,Staus,A2,,
N0748,Transport and Travel,Umleitung,Diversion (or) detour,F,Umleitungen,B1,,
N0749,Transport and Travel,Baustelle,Roadworks (or) building site,F,Baustellen,B1,,
N0750,Transport and Travel,Reifen,Tyre,M,Reifen,B1,,
N0751,Transport and Travel,Panne,Breakdown,F,Pannen,B1,,
N0752,Transport and Travel,Werkstatt,Workshop (or) garage (for repairs),F,Werkstätten,B1,,
N0753,Transport and Travel,Grenze,Border,F,Grenzen,B1,,
N0754,Transport and Travel,Reisepass,Passport,M,Reisepässe,A2,,
N0755,Transport and Travel,Visum,Visa,N,Visa|Visen,B1,,
N0756,Transport and Travel,Gepäck,Luggage,N,-,A2,,
N0757,Transport and Travel,Fähre,Ferry,F,Fähren,A2,,
N0758,Transport and Travel,Landung,Landing,F,Landungen,B1,,
N0759,Transport and Travel,Zoll,Customs,M,-,B1,,
N0760,Transport and Travel,Umgebung,Surroundings (or) area,F,Umgebungen,A2,,
N0761,Transport and Travel,Richtung,Direction,F,Richtungen,A2,,
N0762,Transport and Travel,Entfernung,Distance,F,Entfernungen,B1,,
N0763,Transport and Travel,Ausflug,Excursion (or) trip,M,Ausflüge,A2,,
N0764,Transport and Travel,Reisebüro,Travel agency,N,Reisebüros,B1,,
N0765,Transport and Travel,Übernachtung,Overnight stay,F,Übernachtungen,A2,,
N0766,Transport and Travel,Jugendherberge,Youth hostel,F,Jugendherbergen,A2,,
N0767,Transport and Travel,Verkehrsmittel,Means of transport,N,Verkehrsmittel,B1,,
N0768,Transport and Travel,Fahrgast,Passenger,M,Fahrgäste,B1,,
N0769,Transport and Travel,Passagier,Passenger,M,Passagiere,B1,,
N0770,Health,Krankenkasse,Health insurance,F,Krankenkassen,B1,,
N0771,Health,Krankenwagen,Ambulance,M,Krankenwagen,A2,,
N0772,Health,Notaufnahme,Emergency room,F,Notaufnahmen,B1,,
N0773,Health,Notfall,Emergency,M,Notfälle,B1,,
N0774,Health,Behandlung,Treatment,F,Behandlungen,B1,,
N0775,Health,Symptom,Symptom,N,Symptome,B1,,
N0776,Health,Impfung,Vaccination,F,Impfungen,B1,,
N0777,Health,Allergie,Allergy,F,Allergien,A2,,
N0778,Health,Blutdruck,Blood pressure,M,-,B1,,
N0779,Health,Ernährung,Nutrition (or) diet,F,-,B1,,
N0780,Health,Erholung,Rest (relaxation) (or) recovery,F,-,B1,,
N0781,Health,Krankmeldung,Sick note,F,Krankmeldungen,B1,,
N0782,Health,Sprechstunde,Consultation hours,F,Sprechstunden,A2,,
N0783,Health,Chirurg,Surgeon,M,Chirurgen,B1,,
N0784,Health,Therapie,Therapy,F,Therapien,B1,,
N0785,Health,Schwangerschaft,Pregnancy,F,Schwangerschaften,B1,,
N0786,Health,Magen,Stomach,M,Mägen|Magen,A2,,
N0787,Health,Lunge,Lung,F,Lungen,B1,,
N0788,Health,Leber,Liver,F,Lebern,B1,,
N0789,Health,Niere,Kidney,F,Nieren,B1,,
N0790,Health,Knochen,Bone,M,Knochen,A2,,
N0791,Health,Muskel,Muscle,M,Muskeln,A2,,
N0792,Health,Haut,Skin,F,Häute,A2,,
N0793,Health,Gehirn,Brain,N,Gehirne,B1,,
N0794,Health,Schulter,Shoulder,F,Schultern,A2,,
N0795,Health,Stirn,Forehead,F,Stirnen,A2,,
N0796,Health,Wange,Cheek,F,Wangen,B1,,
N0797,Health,Lippe,Lip,F,Lippen,A2,,
N0798,Health,Handgelenk,Wrist,N,Handgelenke,B1,,
N0799,Money,Einkommen,Income,N,Einkommen,B1,,
N0800,Money,Ausgabe,Expense,F,Ausgaben,B1,,
N0801,Money,Steuer,Tax,F,Steuern,B1,,
N0802,Money,Zins,Interest (on money),M,Zinsen,B1,,
N0803,Money,Kredit,Loan (or) credit,M,Kredite,B1,,
N0804,Money,Ersparnis,Saving (amount saved),F,Ersparnisse,B1,,
N0805,Money,Überweisung,Bank transfer,F,Überweisungen,B1,,
N0806,Money,Kontoauszug,Bank statement,M,Kontoauszüge,B1,,
N0807,Money,Gebühr,Fee,F,Gebühren,B1,,
N0808,Money,Währung,Currency,F,Währungen,B1,,
N0809,Money,Wechselkurs,Exchange rate,M,Wechselkurse,B1,,
N0810,Money,Budget,Budget,N,Budgets,B1,,
N0811,Money,Umsatz,Turnover (or) sales,M,Umsätze,B1,,
N0812,Money,Gewinn,Profit,M,Gewinne,B1,,
N0813,Money,Verlust,Loss,M,Verluste,B1,,
N0814,Money,Rente,Pension,F,Renten,B1,,
N0815,Money,Spende,Donation,F,Spenden,B1,,
N0816,Money,Rechnungsbetrag,Invoice amount,M,Rechnungsbeträge,B1,,
N0817,Money,Trinkgeld,Tip (money),N,Trinkgelder,A2,,
N0818,Emotions,Erinnerung,Memory (recollection),F,Erinnerungen,A2,,
N0819,Emotions,Vertrauen,Trust,N,-,A2,,
N0820,Emotions,Mut,Courage,M,-,A2,,
N0821,Emotions,Geduld,Patience,F,-,A2,,
N0822,Emotions,Sorge,Worry,F,Sorgen,A2,,
N0823,Emotions,Stress,Stress,M,-,A2,,
N0824,Emotions,Langeweile,Boredom,F,-,A2,,
N0825,Emotions,Mitleid,Pity (or) compassion,N,-,B1,,
N0826,Emotions,Ärger,Annoyance (or) trouble,M,-,B1,,
N0827,Emotions,Erwartung,Expectation,F,Erwartungen,B1,,
N0828,Emotions,Wunsch,Wish,M,Wünsche,A1,,
N0829,Emotions,Traum,Dream,M,Träume,A2,,
N0830,Emotions,Ziel,Goal (or) aim,N,Ziele,A2,,
N0831,Emotions,Laune,Mood,F,Launen,A2,,
N0832,Emotions,Stimmung,Mood (or) atmosphere,F,Stimmungen,B1,,
N0833,Emotions,Humor,Humour,M,-,B1,,
N0834,Emotions,Ehrlichkeit,Honesty,F,-,B1,,
N0835,Emotions,Höflichkeit,Politeness,F,-,B1,,
N0836,Emotions,Respekt,Respect,M,-,B1,,
N0837,Emotions,Streit,Argument (or) quarrel,M,-,A2,,
N0838,Emotions,Versöhnung,Reconciliation,F,Versöhnungen,B1,,
N0839,Emotions,Eindruck,Impression,M,Eindrücke,B1,,
N0840,Emotions,Zweifel,Doubt,M,Zweifel,B1,,
N0841,Emotions,Leidenschaft,Passion,F,Leidenschaften,B1,,
N0842,Emotions,Schuld,Guilt (or) fault,F,-,B1,,
N0843,Family and Friends,Verwandte,Relative,M|F,Verwandten,B1,,
N0844,Family and Friends,Ehe,Marriage,F,Ehen,B1,,
N0845,Family and Friends,Ehemann,Husband,M,Ehemänner,A2,,
N0846,Family and Friends,Ehefrau,Wife,F,Ehefrauen,A2,,
N0847,Family and Friends,Hochzeit,Wedding,F,Hochzeiten,A2,,
N0848,Family and Friends,Scheidung,Divorce,F,Scheidungen,B1,,
N0849,Family and Friends,Enkel,Grandson (or) grandchild,M,Enkel,A2,,
N0850,Family and Friends,Enkelin,Granddaughter,F,Enkelinnen,A2,,
N0851,Family and Friends,Neffe,Nephew,M,Neffen,A2,,
N0852,Family and Friends,Nichte,Niece,F,Nichten,A2,,
N0853,Family and Friends,Cousin,Cousin (male),M,Cousins,A2,,
N0854,Family and Friends,Cousine,Cousin (female),F,Cousinen,A2,,
N0855,Family and Friends,Schwiegermutter,Mother-in-law,F,Schwiegermütter,A2,,
N0856,Family and Friends,Schwiegervater,Father-in-law,M,Schwiegerväter,A2,,
N0857,Family and Friends,Zwilling,Twin,M,Zwillinge,B1,,
N0858,Family and Friends,Erziehung,Upbringing (or) education,F,-,B1,,
N0859,Family and Friends,Generation,Generation,F,Generationen,B1,,
N0860,Family and Friends,Bekannte,Acquaintance,M|F,Bekannten,B1,,
N0861,Family and Friends,Partner,Partner (male),M,Partner,B1,,
N0862,Family and Friends,Partnerin,Partner (female),F,Partnerinnen,B1,,
N0863,Family and Friends,Beziehung,Relationship,F,Beziehungen,B1,,
N0864,Family and Friends,Nachwuchs,Offspring (or) young,M,-,B1,,
N0865,Food and Drinks,Zutat,Ingredient,F,Zutaten,A2,,
N0866,Food and Drinks,Gericht,Dish (or) court,N,Gerichte,B1,,
N0867,Food and Drinks,Vorspeise,Starter,F,Vorspeisen,A2,,
N0868,Food and Drinks,Hauptgericht,Main course,N,Hauptgerichte,A2,,
N0869,Food and Drinks,Beilage,Side dish,F,Beilagen,B1,,
N0870,Food and Drinks,Soße,Sauce,F,Soßen,A2,,
N0871,Food and Drinks,Sauce,Sauce,F,Saucen,A2,,
N0872,Food and Drinks,Gewürz,Spice,N,Gewürze,A2,,
N0873,Food and Drinks,Mehl,Flour,N,-,A2,,
N0874,Food and Drinks,Zucker,Sugar,M,-,A1,,
N0875,Food and Drinks,Honig,Honey,M,-,A1,,
N0876,Food and Drinks,Marmelade,Jam,F,Marmeladen,A1,,
N0877,Food and Drinks,Sahne,Cream,F,-,A2,,
N0878,Food and Drinks,Joghurt,Yoghurt,M|N,Joghurts|Joghurt,A1,,
N0879,Food and Drinks,Nudel,Noodle,F,Nudeln,A1,,
N0880,Food and Drinks,Reis,Rice,M,-,A1,,
N0881,Food and Drinks,Rindfleisch,Beef,N,-,A2,,
N0882,Food and Drinks,Hähnchen,Chicken (meat),N,Hähnchen,A1,,
N0883,Food and Drinks,Lachs,Salmon,M,Lachse,A2,,
N0884,Food and Drinks,Teig,Dough,M,Teige,B1,,
N0885,Food and Drinks,Geschmack,Taste,M,Geschmäcker|Geschmäcke,B1,,
N0886,Food and Drinks,Duft,Scent (or) aroma,M,Düfte,B1,,
N0887,Food and Drinks,Vegetarierin,Vegetarian (female),F,Vegetarierinnen,B1,,
N0888,Food and Drinks,Leitungswasser,Tap water,N,-,B1,,
N0889,Food and Drinks,Sprudel,Sparkling water,M,-,B1,,
N0890,Food and Drinks,Sekt,Sparkling wine,M,Sekte,B1,,
N0891,Fruits and Vegetables,Erdbeere,Strawberry,F,Erdbeeren,A2,,
N0892,Fruits and Vegetables,Kirsche,Cherry,F,Kirschen,A2,,
N0893,Fruits and Vegetables,Traube,Grape,F,Trauben,B1,,
N0894,Fruits and Vegetables,Birne,Pear,F,Birnen,A2,,
N0895,Fruits and Vegetables,Pflaume,Plum,F,Pflaumen,A2,,
N0896,Fruits and Vegetables,Zitrone,Lemon,F,Zitronen,A2,,
N0897,Fruits and Vegetables,Pfirsich,Peach,M,Pfirsiche,A2,,
N0898,Fruits and Vegetables,Himbeere,Raspberry,F,Himbeeren,B1,,
N0899,Fruits and Vegetables,Melone,Melon,F,Melonen,A2,,
N0900,Fruits and Vegetables,Paprika,Pepper (vegetable),F,Paprikas|Paprika,A2,,
N0901,Fruits and Vegetables,Knoblauch,Garlic,M,-,A2,,
N0902,Fruits and Vegetables,Spinat,Spinach,M,-,B1,,
N0903,Fruits and Vegetables,Kohl,Cabbage,M,-,B1,,
N0904,Fruits and Vegetables,Blumenkohl,Cauliflower,M,-,B1,,
N0905,Fruits and Vegetables,Lauch,Leek,M,-,B1,,
N0906,Fruits and Vegetables,Kürbis,Pumpkin,M,Kürbisse,B1,,
N0907,Fruits and Vegetables,Pilz,Mushroom,M,Pilze,A2,,
N0908,Fruits and Vegetables,Nuss,Nut,F,Nüsse,A2,,
N0909,Fruits and Vegetables,Mandel,Almond,F,Mandeln,B1,,
N0910,Fruits and Vegetables,Linse,Lentil,F,Linsen,B1,,
N0911,Nature and Weather,Umwelt,Environment,F,-,A2,,
N0912,Nature and Weather,Umweltschutz,Environmental protection,M,-,B1,,
N0913,Nature and Weather,Klimawandel,Climate change,M,-,B1,,
N0914,Nature and Weather,Verschmutzung,Pollution,F,Verschmutzungen,B1,,
N0915,Nature and Weather,Energie,Energy,F,Energien,B1,,
N0916,Nature and Weather,Ozean,Ocean,M,Ozeane,B1,,
N0917,Nature and Weather,Ufer,Shore (or) riverbank,N,Ufer,B1,,
N0918,Nature and Weather,Bach,Stream,M,Bäche,B1,,
N0919,Nature and Weather,Hügel,Hill,M,Hügel,B1,,
N0920,Nature and Weather,Gipfel,Summit (or) peak,M,Gipfel,B1,,
N0921,Nature and Weather,Höhle,Cave,F,Höhlen,B1,,
N0922,Nature and Weather,Wiese,Meadow,F,Wiesen,A2,,
N0923,Nature and Weather,Feld,Field,N,Felder,A2,,
N0924,Nature and Weather,Vorhersage,Forecast,F,Vorhersagen,B1,,
N0925,Nature and Weather,Überschwemmung,Flood,F,Überschwemmungen,B1,,
N0926,Nature and Weather,Hochwasser,Flood,N,Hochwasser,B1,,
N0927,Nature and Weather,Dürre,Drought,F,Dürren,B1,,
N0928,Nature and Weather,Erdbeben,Earthquake,N,Erdbeben,B1,,
N0929,Nature and Weather,Hagel,Hail,M,-,A2,,
N0930,Nature and Weather,Frost,Frost,M,Fröste,A2,,
N0931,Nature and Weather,Tau,Dew,M,-,B1,,
N0932,Nature and Weather,Dämmerung,Dusk (or) dawn,F,Dämmerungen,B1,,
N0933,Nature and Weather,Vulkan,Volcano,M,Vulkane,B1,,
N0934,Nature and Weather,Wasserfall,Waterfall,M,Wasserfälle,B1,,
N0935,Nature and Weather,Mülltrennung,Waste separation,F,-,B1,,
N0936,Nature and Weather,Recycling,Recycling,N,-,B1,,
N0937,Nature and Weather,Abgas,Exhaust gas,N,Abgase,B1,,
N0938,Nature and Weather,Blüte,Blossom,F,Blüten,B1,,
N0939,Nature and Weather,Eiche,Oak,F,Eichen,B1,,
N0940,Animals,Adler,Eagle,M,Adler,B1,,
N0941,Animals,Eule,Owl,F,Eulen,A2,,
N0942,Animals,Taube,Pigeon (or) dove,F,Tauben,B1,,
N0943,Animals,Schwan,Swan,M,Schwäne,B1,,
N0944,Animals,Fuchs,Fox,M,Füchse,A2,,
N0945,Animals,Wolf,Wolf,M,Wölfe,A2,,
N0946,Animals,Hirsch,Deer (or) stag,M,Hirsche,B1,,
N0947,Animals,Reh,Roe deer,N,Rehe,B1,,
N0948,Animals,Igel,Hedgehog,M,Igel,B1,,
N0949,Animals,Eichhörnchen,Squirrel,N,Eichhörnchen,B1,,
N0950,Animals,Ziege,Goat,F,Ziegen,A2,,
N0951,Animals,Esel,Donkey,M,Esel,B1,,
N0952,Animals,Biene,Bee,F,Bienen,A2,,
N0953,Animals,Schmetterling,Butterfly,M,Schmetterlinge,A2,,
N0954,Animals,Spinne,Spider,F,Spinnen,A2,,
N0955,Animals,Mücke,Mosquito,F,Mücken,A2,,
N0956,Animals,Frosch,Frog,M,Frösche,A2,,
N0957,Animals,Hai,Shark,M,Haie,B1,,
N0958,Animals,Wal,Whale,M,Wale,B1,,
N0959,Animals,Delfin,Dolphin,M,Delfine,B1,,
N0960,Animals,Affe,Monkey,M,Affen,A2,,
N0961,Animals,Elefant,Elephant,M,Elefanten,A2,,
N0962,Animals,Tiger,Tiger,M,Tiger,B1,,
N0963,Animals,Kamel,Camel,N,Kamele,B1,,
N0964,Animals,Papagei,Parrot,M,Papageien,B1,,
N0965,Hobbies and Sport,Verein,Club (or) association,M,Vereine,A2,,
N0966,Hobbies and Sport,Mitglied,Member,N,Mitglieder,A2,,
N0967,Hobbies and Sport,Turnier,Tournament,N,Turniere,B1,,
N0968,Hobbies and Sport,Meisterschaft,Championship,F,Meisterschaften,B1,,
N0969,Hobbies and Sport,Trainer,Coach,M,Trainer,B1,,
N0970,Hobbies and Sport,Schiedsrichterin,Referee (female),F,Schiedsrichterinnen,B1,,
N0971,Hobbies and Sport,Ausrüstung,Equipment,F,Ausrüstungen,B1,,
N0972,Hobbies and Sport,Leichtathletik,Athletics,F,-,B1,,
N0973,Hobbies and Sport,Ausdauer,Endurance (or) stamina,F,-,B1,,
N0974,Hobbies and Sport,Kraft,Strength,F,Kräfte,B1,,
N0975,Hobbies and Sport,Geschwindigkeit,Speed,F,Geschwindigkeiten,B1,,
N0976,Hobbies and Sport,Erfolg,Success,M,Erfolge,A2,,
N0977,Hobbies and Sport,Misserfolg,Failure,M,Misserfolge,B1,,
N0978,Hobbies and Sport,Fotografie,Photography,F,-,B1,,
N0979,Hobbies and Sport,Malerei,Painting (art),F,-,B1,,
N0980,Hobbies and Sport,Ausstellung,Exhibition,F,Ausstellungen,B1,,
N0981,Hobbies and Sport,Gemälde,Painting (picture),N,Gemälde,B1,,
N0982,Hobbies and Sport,Roman,Novel,M,Romane,B1,,
N0983,Hobbies and Sport,Gedicht,Poem,N,Gedichte,B1,,
N0984,Hobbies and Sport,Verlag,Publishing house,M,Verlage,B1,,
N0985,Hobbies and Sport,Zeitschrift,Magazine,F,Zeitschriften,A2,,
N0986,Hobbies and Sport,Sendung,TV programme (or) broadcast,F,Sendungen,A2,,
N0987,Hobbies and Sport,Chor,Choir,M,Chöre,B1,,
N0988,Hobbies and Sport,Orchester,Orchestra,N,Orchester,B1,,
N0989,Hobbies and Sport,Eintritt,Admission (or) entry,M,Eintritte,A2,,
N0990,Hobbies and Sport,Veranstaltung,Event,F,Veranstaltungen,B1,,
N0991,Hobbies and Sport,Feier,Celebration (or) party,F,Feiern,A2,,
N0992,Hobbies and Sport,Fest,Festival (or) celebration,N,Feste,A1,,
N0993,Hobbies and Sport,Gastgeber,Host,M,Gastgeber,B1,,
N0994,Hobbies and Sport,Gast,Guest,M,Gäste,A2,,
N0995,Technology,Bildschirmschoner,Screensaver,M,Bildschirmschoner,B1,,
N0996,Technology,Anwendung,Application (or) app,F,Anwendungen,B1,,
N0997,Technology,Einstellung,Setting (or) attitude,F,Einstellungen,B1,,
N0998,Technology,Benachrichtigung,Notification,F,Benachrichtigungen,B1,,
N0999,Technology,Anhang,Attachment,M,Anhänge,A2,,
N1000,Technology,Empfänger,Recipient,M,Empfänger,B1,,
N1001,Technology,Absender,Sender,M,Absender,B1,,
N1002,Technology,Betreff,Subject (of an email),M,Betreffe,B1,,
N1003,Technology,Suchmaschine,Search engine,F,Suchmaschinen,B1,,
N1004,Technology,Datenschutz,Data protection,M,-,B1,,
N1005,Technology,Sicherheit,Security (or) safety,F,-,A2,,
N1006,Technology,Virus,Virus,N|M,Viren,B1,,
N1007,Technology,Verschlüsselung,Encryption,F,Verschlüsselungen,B1,,
N1008,Technology,Erfindung,Invention,F,Erfindungen,B1,,
N1009,Technology,Forschungslabor,Research lab,N,Forschungslabore|Forschungslabors,B1,,
N1010,Technology,Gerät,Device,N,Geräte,B1,,
N1011,Technology,Fernbedienung,Remote control,F,Fernbedienungen,A2,,
N1012,Technology,Steckdosenleiste,Power strip,F,Steckdosenleisten,B1,,
N1013,Technology,Kopfhörerbuchse,Headphone jack,F,Kopfhörerbuchsen,B1,,
N1014,Technology,Roboter,Robot,M,Roboter,B1,,
N1015,Technology,Entwicklung,Development,F,Entwicklungen,B1,,
N1016,Technology,Wissenschaft,Science,F,Wissenschaften,B1,,
N1017,Technology,Technik,Technology (or) technique,F,Techniken,B1,,
N1018,Clothing,Stoff,Fabric (or) material,M,Stoffe,B1,,
N1019,Clothing,Baumwolle,Cotton,F,-,B1,,
N1020,Clothing,Wolle,Wool,F,-,B1,,
N1021,Clothing,Leder,Leather,N,-,B1,,
N1022,Clothing,Seide,Silk,F,-,B1,,
N1023,Clothing,Muster,Pattern,N,Muster,B1,,
N1024,Clothing,Knopf,Button,M,Knöpfe,A2,,
N1025,Clothing,Reißverschluss,Zip,M,Reißverschlüsse,B1,,
N1026,Clothing,Ärmel,Sleeve,M,Ärmel,B1,,
N1027,Clothing,Kragen,Collar,M,Kragen,B1,,
N1028,Clothing,Gürtel,Belt,M,Gürtel,A2,,
N1029,Clothing,Krawatte,Tie,F,Krawatten,A2,,
N1030,Clothing,Stiefel,Boot,M,Stiefel,A2,,
N1031,Clothing,Sandale,Sandal,F,Sandalen,A2,,
N1032,Clothing,Badeanzug,Swimsuit,M,Badeanzüge,A2,,
N1033,Clothing,Unterwäsche,Underwear,F,-,A2,,
N1034,Clothing,Strumpfhose,Tights,F,Strumpfhosen,B1,,
N1035,Clothing,Umkleidekabine,Changing room,F,Umkleidekabinen,B1,,
N1036,Clothing,Mode,Fashion,F,Moden,B1,,
N1037,Clothing,Schneider,Tailor,M,Schneider,B1,,
N1038,Time,Jahrhundert,Century,N,Jahrhunderte,B1,,
N1039,Time,Jahrzehnt,Decade,N,Jahrzehnte,A2,,
N1040,Time,Ewigkeit,Eternity,F,Ewigkeiten,B1,,
N1041,Time,Verzögerung,Delay,F,Verzögerungen,B1,,
N1042,Time,Gelegenheit,Opportunity,F,Gelegenheiten,B1,,
N1043,Time,Reihenfolge,Sequence (or) order (in a sequence),F,Reihenfolgen,B1,,
N1044,Time,Ablauf,Procedure (or) course of events,M,Abläufe,B1,,
N1045,Time,Alltag,Everyday life,M,-,B1,,
N1046,Time,Mitternacht,Midnight,F,-,A2,,
N1047,Time,Morgengrauen,Dawn,N,-,B1,,
N1048,Time,Werktag,Working day,M,Werktage,A2,,
N1049,Time,Jubiläum,Anniversary,N,Jubiläen,B1,,
N1050,Time,Verabredung,Appointment (with a friend) (or) date,F,Verabredungen,B1,,
N1051,Time,Pünktlichkeit,Punctuality,F,-,B1,,
N1052,General,Gesellschaft,Society (or) company,F,Gesellschaften,B1,,
N1053,General,Politik,Politics,F,-,B1,,
N1054,General,Regierung,Government,F,Regierungen,B1,,
N1055,General,Wahl,Election (or) choice,F,Wahlen,B1,,
N1056,General,Gesetz,Law,N,Gesetze,B1,,
N1057,General,Recht,Right (or) law,N,Rechte,B1,,
N1058,General,Pflicht,Duty,F,Pflichten,B1,,
N1059,General,Freiheit,Freedom,F,Freiheiten,B1,,
N1060,General,Gleichberechtigung,Equal rights,F,-,B1,,
N1061,General,Bevölkerung,Population,F,Bevölkerungen,B1,,
N1062,General,Staat,State (country),M,Staaten,B1,,
N1063,General,Staatsangehörigkeit,Nationality,F,Staatsangehörigkeiten,B1,,
N1064,General,Nationalität,Nationality,F,Nationalitäten,B1,,
N1065,General,Ausländer,Foreigner,M,Ausländer,B1,,
N1066,General,Heimat,Homeland (or) home (where you're from),F,-,B1,,
N1067,General,Kultur,Culture,F,Kulturen,B1,,
N1068,General,Tradition,Tradition,F,Traditionen,B1,,
N1069,General,Religion,Religion,F,Religionen,B1,,
N1070,General,Krieg,War,M,Kriege,B1,,
N1071,General,Frieden,Peace,M,-,B1,,
N1072,General,Armut,Poverty,F,-,B1,,
N1073,General,Reichtum,Wealth,M,Reichtümer,B1,,
N1074,General,Möglichkeit,Possibility,F,Möglichkeiten,A2,,
N1075,General,Voraussetzung,Requirement (or) prerequisite,F,Voraussetzungen,B1,,
N1076,General,Vorteil,Advantage,M,Vorteile,A2,,
N1077,General,Nachteil,Disadvantage,M,Nachteile,A2,,
N1078,General,Unterschied,Difference,M,Unterschiede,A2,,
N1079,General,Zusammenhang,Context (or) connection (between things),M,Zusammenhänge,B1,,
N1080,General,Ursache,Cause,F,Ursachen,B1,,
N1081,General,Folge,Consequence (or) episode,F,Folgen,A2,,
N1082,General,Grund,Reason,M,Gründe,A2,,
N1083,General,Ergebnis,Result,N,Ergebnisse,A2,,
N1084,General,Erfolgserlebnis,Sense of achievement,N,Erfolgserlebnisse,B1,,
N1085,General,Ausnahme,Exception,F,Ausnahmen,A2,,
N1086,General,Mehrheit,Majority,F,Mehrheiten,B1,,
N1087,General,Minderheit,Minority,F,Minderheiten,B1,,
N1088,General,Menge,Amount (or) crowd,F,Mengen,B1,,
N1089,General,Anzahl,Number (amount) (or) quantity,F,-,B1,,
N1090,General,Hälfte,Half,F,Hälften,A2,,
N1091,General,Stück,Piece,N,Stücke,A1,,
N1092,General,Teil,Part,M|N,Teile,A2,,
N1093,General,Art,Kind (or) type,F,Arten,B1,,
N1094,General,Weise,Manner (or) way (of doing something),F,Weisen,B1,,
N1095,General,Umstand,Circumstance,M,Umstände,B1,,
N1096,General,Ereignis,Event (or) occurrence,N,Ereignisse,B1,,
N1097,General,Erlebnis,Experience (something lived),N,Erlebnisse,B1,,
N1098,General,Entscheidung,Decision,F,Entscheidungen,B1,,
N1099,General,Absicht,Intention,F,Absichten,B1,,
N1100,General,Vorschlag,Suggestion,M,Vorschläge,B1,,
N1101,General,Rat,Advice,M,-,B1,,
N1102,General,Hinweis,Hint (or) pointer,M,Hinweise,B1,,
N1103,General,Nachfrage,Demand (or) enquiry,F,Nachfragen,B1,,
N1104,General,Zustand,State (or) condition,M,Zustände,B1,,
N1105,General,Verhalten,Behaviour,N,-,B1,,
N1106,General,Gewohnheit,Habit,F,Gewohnheiten,B1,,
N1107,General,Fähigkeit,Ability,F,Fähigkeiten,B1,,
N1108,General,Interesse,Interest,N,Interessen,B1,,
N1109,General,Vorbild,Role model,N,Vorbilder,B1,,
N1110,General,Umfrage,Survey,F,Umfragen,B1,,
N1111,General,Statistik,Statistics,F,Statistiken,B1,,
N1112,General,Prozent,Percent,N,Prozent|Prozente,B1,,
N1113,General,Durchschnitt,Average,M,Durchschnitte,B1,,
N1114,Restaurant,Reservierung,Reservation,F,Reservierungen,B1,,
N1115,Restaurant,Kellner,Waiter,M,Kellner,A1,,
N1116,Restaurant,Kellnerin,Waitress,F,Kellnerinnen,A2,,
N1117,Restaurant,Koch,Cook (or) chef,M,Köche,A1,,
N1118,Restaurant,Köchin,Cook (female),F,Köchinnen,A2,,
N1119,Restaurant,Serviette,Napkin,F,Servietten,A2,,
N1120,Restaurant,Tagesgericht,Dish of the day,N,Tagesgerichte,B1,,
N1121,Restaurant,Getränkekarte,Drinks menu,F,Getränkekarten,B1,,
N1122,Restaurant,Empfehlung,Recommendation,F,Empfehlungen,B1,,
N1123,Restaurant,Imbiss,Snack bar,M,Imbisse,A2,,
N1124,Restaurant,Kneipe,Pub,F,Kneipen,A2,,
N1125,Restaurant,Stammgast,Regular (customer),M,Stammgäste,B1,,
N1126,Restaurant,Theke,Counter (or) bar,F,Theken,B1,,
N1127,Restaurant,Selbstbedienung,Self-service,F,-,B1,,
N1128,Restaurant,Lieferservice,Delivery service,M,Lieferservices,B1,,
N1129,Body,Gesicht,Face,N,Gesichter,A2,,
N1130,Body,Kinn,Chin,N,Kinne,B1,,
N1131,Body,Nacken,Neck (back),M,Nacken,B1,,
N1132,Body,Daumen,Thumb,M,Daumen,B1,,
N1133,Body,Fingernagel,Fingernail,M,Fingernägel,B1,,
N1134,Body,Oberschenkel,Thigh,M,Oberschenkel,B1,,
N1135,Body,Wade,Calf (leg),F,Waden,B1,,
N1136,Body,Knöchel,Ankle,M,Knöchel,B1,,
N1137,Body,Wimper,Eyelash,F,Wimpern,B1,,
N1138,Body,Augenbraue,Eyebrow,F,Augenbrauen,B1,,
N1139,Body,Zunge,Tongue,F,Zungen,A2,,
N1140,Body,Blut,Blood,N,-,A2,,
N1141,Body,Atem,Breath,M,-,B1,,
N1142,Body,Stimme,Voice,F,Stimmen,A2,,
N1143,Body,Figur,Figure (body shape),F,Figuren,B1,,
N1144,Animals,Ameise,Ant,F,Ameisen,A2,,
N1145,Animals,Gans,Goose,F,Gänse,A2,,
N1146,Animals,Giraffe,Giraffe,F,Giraffen,A2,,
N1147,Animals,Goldfisch,Goldfish,M,Goldfische,A2,,
N1148,Animals,Hahn,Rooster,M,Hähne,A2,,
N1149,Animals,Hamster,Hamster,M,Hamster,A2,,
N1150,Animals,Käfer,Beetle,M,Käfer,A2,,
N1151,Animals,Meerschweinchen,Guinea pig,N,Meerschweinchen,A2,,
N1152,Animals,Pinguin,Penguin,M,Pinguine,A2,,
N1153,Animals,Schildkröte,Tortoise (or) turtle,F,Schildkröten,A2,,
N1154,Animals,Zebra,Zebra,N,Zebras,A2,,
N1155,Body,Ellbogen,Elbow,M,Ellbogen,A2,,
N1156,Body,Gewicht,Weight,N,Gewichte,A2,,
N1157,Body,Körper,Body,M,Körper,A2,,
N1158,Clothing,Anprobe,Fitting (trying on),F,Anproben,A2,,
N1159,Clothing,Armbanduhr,Wristwatch,F,Armbanduhren,A2,,
N1160,Clothing,Badehose,Swimming trunks,F,Badehosen,A2,,
N1161,Clothing,Bikini,Bikini,M,Bikinis,A2,,
N1162,Clothing,Brille,Glasses (spectacles),F,Brillen,A1,,
N1163,Clothing,Halskette,Necklace,F,Halsketten,A2,,
N1164,Clothing,Hausschuh,Slipper,M,Hausschuhe,A2,,
N1165,Clothing,Jogginghose,Jogging bottoms,F,Jogginghosen,A2,,
N1166,Clothing,Kapuze,Hood,F,Kapuzen,A2,,
N1167,Clothing,Pyjama,Pyjamas,M,Pyjamas,A2,,
N1168,Clothing,Schlafanzug,Pyjamas,M,Schlafanzüge,A2,,
N1169,Clothing,Regenschirm,Umbrella,M,Regenschirme,A2,,
N1170,Clothing,Shorts,Shorts,P,-,A2,Only used in the plural: die Shorts.,
N1171,Clothing,Sweatshirt,Sweatshirt,N,Sweatshirts,A2,,
N1172,Clothing,Turnschuh,Trainer (shoe),M,Turnschuhe,A2,,
N1173,Clothing,Weste,Waistcoat,F,Westen,A2,,
N1174,Family and Friends,Alter,Age,N,-,A1,,
N1175,Family and Friends,Baby,Baby,N,Babys,A1,,
N1176,Family and Friends,Beerdigung,Funeral,F,Beerdigungen,A2,,
N1177,Family and Friends,Besuch,Visit,M,Besuche,A1,,
N1178,Family and Friends,Ehepaar,Married couple,N,Ehepaare,A2,,
N1179,Family and Friends,Einladung,Invitation,F,Einladungen,A2,,
N1180,Family and Friends,Eltern,Parents,P,-,A1,Only used in the plural: die Eltern.,
N1181,Family and Friends,Familie,Family,F,Familien,A1,,
N1182,Family and Friends,Familienname,Family name (or) surname,M,Familiennamen,A1,,
N1183,Family and Friends,Frau,Woman (or) wife,F,Frauen,A1,,
N1184,Family and Friends,Freundeskreis,Circle of friends,M,Freundeskreise,A2,,
N1185,Family and Friends,Gastfreundschaft,Hospitality,F,-,A2,,
N1186,Family and Friends,Geburtstag,Birthday,M,Geburtstage,A1,,
N1187,Family and Friends,Geschwister,Siblings,P,-,A1,Only used in the plural: die Geschwister.,
N1188,Family and Friends,Großeltern,Grandparents,P,-,A1,Only used in the plural: die Großeltern.,
N1189,Family and Friends,Großmutter,Grandmother,F,Großmütter,A1,,
N1190,Family and Friends,Großvater,Grandfather,M,Großväter,A1,,
N1191,Family and Friends,Gruppe,Group,F,Gruppen,A1,,
N1192,Family and Friends,Jugend,Youth,F,-,A2,,
N1193,Family and Friends,Junge,Boy,M,Jungen|Jungs,A1,,
N1194,Family and Friends,Kindergarten,Kindergarten,M,Kindergärten,A2,,
N1195,Family and Friends,Kindheit,Childhood,F,-,A2,,
N1196,Family and Friends,Krippe,Crèche (or) nursery,F,Krippen,A2,,
N1197,Family and Friends,Kumpel,Mate (or) buddy,M,Kumpel|Kumpels,A2,,
N1198,Family and Friends,Leute,People,P,-,A1,Only used in the plural: die Leute.,
N1199,Family and Friends,Mann,Man (or) husband,M,Männer,A1,,
N1200,Family and Friends,Mensch,Human being (or) person,M,Menschen,A1,,
N1201,Family and Friends,Mädchen,Girl,N,Mädchen,A1,,
N1202,Family and Friends,Paar,Couple (or) pair,N,Paare,A2,,
N1203,Family and Friends,Party,Party,F,Partys,A1,,
N1204,Family and Friends,Person,Person,F,Personen,A1,,
N1205,Family and Friends,Schwager,Brother-in-law,M,Schwäger,A2,,
N1206,Family and Friends,Schwägerin,Sister-in-law,F,Schwägerinnen,A2,,
N1207,Family and Friends,Senior,Senior citizen,M,Senioren,A2,,
N1208,Family and Friends,Sohn,Son,M,Söhne,A1,,
N1209,Family and Friends,Stiefmutter,Stepmother,F,Stiefmütter,A2,,
N1210,Family and Friends,Stiefvater,Stepfather,M,Stiefväter,A2,,
N1211,Family and Friends,Taufe,Baptism,F,Taufen,A2,,
N1212,Family and Friends,Tochter,Daughter,F,Töchter,A1,,
N1213,Family and Friends,Verwandtschaft,Relatives (collectively),F,Verwandtschaften,A2,,
N1214,Food and Drinks,Apfelschorle,Apple spritzer,F,Apfelschorlen,A2,,
N1215,Food and Drinks,Auflauf,Casserole (or) bake,M,Aufläufe,A2,,
N1216,Food and Drinks,Aufschnitt,Cold cuts,M,-,A2,,
N1217,Food and Drinks,Braten,Roast,M,Braten,A2,,
N1218,Food and Drinks,Cola,Cola,F|N,Colas,A2,,
N1219,Food and Drinks,Eintopf,Stew,M,Eintöpfe,A2,,
N1220,Food and Drinks,Essig,Vinegar,M,-,A2,,
N1221,Food and Drinks,Frischkäse,Cream cheese,M,-,A2,,
N1222,Food and Drinks,Hackfleisch,Minced meat,N,-,A2,,
N1223,Food and Drinks,Haferflocken,Oats,P,-,A2,,
N1224,Food and Drinks,Kakao,Cocoa,M,-,A2,,
N1225,Food and Drinks,Kartoffelbrei,Mashed potato,M,-,A2,,
N1226,Food and Drinks,Keks,Biscuit,M,Kekse,A1,,
N1227,Food and Drinks,Ketchup,Ketchup,M|N,-,A2,,
N1228,Food and Drinks,Knödel,Dumpling,M,Knödel,A2,,
N1229,Food and Drinks,Kräuter,Herbs,P,-,A2,,
N1230,Food and Drinks,Krümel,Crumb,M,Krümel,A2,,
N1231,Food and Drinks,Lebensmittel,Groceries,P,-,A1,,
N1232,Food and Drinks,Limonade,Lemonade,F,Limonaden,A2,,
N1233,Food and Drinks,Milchkaffee,Milky coffee,M,Milchkaffees,A2,,
N1234,Food and Drinks,Mineralwasser,Mineral water,N,-,A1,,
N1235,Food and Drinks,Müsli,Muesli,N,Müslis,A2,,
N1236,Food and Drinks,Petersilie,Parsley,F,-,A2,,
N1237,Food and Drinks,Pfannkuchen,Pancake,M,Pfannkuchen,A2,,
N1238,Food and Drinks,Pizza,Pizza,F,Pizzen|Pizzas,A1,,
N1239,Food and Drinks,Pommes,Chips (or) fries,P,-,A1,Only used in the plural: die Pommes.,
N1240,Food and Drinks,Portion,Portion,F,Portionen,A2,,
N1241,Food and Drinks,Quark,Quark,M,-,A2,,
N1242,Food and Drinks,Rest,Leftover (or) remainder,M,Reste,A2,,
N1243,Food and Drinks,Sandwich,Sandwich,N|M,Sandwiches|Sandwichs|Sandwiche,A2,,
N1244,Food and Drinks,Scheibe,Slice,F,Scheiben,A2,,
N1245,Food and Drinks,Schinken,Ham,M,Schinken,A1,,
N1246,Food and Drinks,Schnaps,Schnapps,M,Schnäpse,A2,,
N1247,Food and Drinks,Schnittlauch,Chives,M,-,A2,,
N1248,Food and Drinks,Schnitzel,Schnitzel,N,Schnitzel,A2,,
N1249,Food and Drinks,Senf,Mustard,M,-,A2,,
N1250,Food and Drinks,Speck,Bacon,M,-,A2,,
N1251,Food and Drinks,Vanille,Vanilla,F,-,A2,,
N1252,Food and Drinks,Vollkornbrot,Wholemeal bread,N,Vollkornbrote,A2,,
N1253,Food and Drinks,Zimt,Cinnamon,M,-,A2,,
N1254,Fruits and Vegetables,Ananas,Pineapple,F,Ananas|Ananasse,A2,,
N1255,Fruits and Vegetables,Aprikose,Apricot,F,Aprikosen,A2,,
N1256,Fruits and Vegetables,Aubergine,Aubergine,F,Auberginen,A2,,
N1257,Fruits and Vegetables,Blaubeere,Blueberry,F,Blaubeeren,A2,,
N1258,Fruits and Vegetables,Heidelbeere,Blueberry,F,Heidelbeeren,A2,,
N1259,Fruits and Vegetables,Brokkoli,Broccoli,M,-,A2,,
N1260,Fruits and Vegetables,Feige,Fig,F,Feigen,A2,,
N1261,Fruits and Vegetables,Johannisbeere,Currant,F,Johannisbeeren,A2,,
N1262,Fruits and Vegetables,Kiwi,Kiwi,F,Kiwis,A2,,
N1263,Fruits and Vegetables,Kohlrabi,Kohlrabi,M,Kohlrabis|Kohlrabi,A2,,
N1264,Fruits and Vegetables,Mais,Maize (or) sweetcorn,M,-,A2,,
N1265,Fruits and Vegetables,Mango,Mango,F,Mangos,A2,,
N1266,Fruits and Vegetables,Radieschen,Radish,N,Radieschen,A2,,
N1267,Fruits and Vegetables,Rettich,Radish (large),M,Rettiche,A2,,
N1268,Fruits and Vegetables,Rosenkohl,Brussels sprouts,M,-,A2,,
N1269,Fruits and Vegetables,Sellerie,Celery,M,-,A2,,
N1270,Fruits and Vegetables,Stachelbeere,Gooseberry,F,Stachelbeeren,A2,,
N1271,Fruits and Vegetables,Zucchini,Courgette,F,Zucchini|Zucchinis,A2,,
N1272,General,Anmeldung,Registration,F,Anmeldungen,A1,,
N1273,General,Ausweis,ID card,M,Ausweise,A1,,
N1274,General,Ding,Thing,N,Dinge,A1,,
N1275,General,Farbe,Colour,F,Farben,A1,,
N1276,General,Form,Shape (or) form,F,Formen,A1,,
N1277,General,Hilfe,Help,F,Hilfen,A1,,
N1278,General,Information,Information,F,Informationen,A1,,
N1279,General,Liste,List,F,Listen,A2,,
N1280,General,Lust,Desire (or) feeling like it,F,-,A1,,
N1281,General,Mitte,Middle (or) centre,F,Mitten,A1,,
N1282,General,Norden,North,M,-,A1,,
N1283,General,Nähe,Vicinity (or) nearness,F,-,A1,,
N1284,General,Ordnung,Order (tidiness),F,-,A2,,
N1285,General,Osten,East,M,-,A1,,
N1286,General,Reihe,Row (or) series,F,Reihen,A2,,
N1287,General,Ruhe,Quiet (or) calm,F,-,A2,,
N1288,General,Sache,Thing (or) matter,F,Sachen,A1,,
N1289,General,Spaß,Fun,M,-,A1,,
N1290,General,Süden,South,M,-,A1,,
N1291,General,Westen,West,M,-,A1,,
N1292,General,Zettel,Note (piece of paper),M,Zettel,A1,,
N1293,Health,Apothekerin,Pharmacist (female),F,Apothekerinnen,A2,,
N1294,Health,Bauchschmerzen,Stomach ache,P,-,A2,,
N1295,Health,Diät,Diet (to lose weight),F,Diäten,A2,,
N1296,Health,Halsschmerzen,Sore throat,P,-,A2,,
N1297,Health,Hausarzt,GP (or) family doctor,M,Hausärzte,A2,,
N1298,Health,Kopfschmerzen,Headache,P,-,A1,,
N1299,Health,Krankenversicherung,Health insurance,F,Krankenversicherungen,A2,,
N1300,Health,Praxis,Doctor's practice (or) doctor's surgery,F,Praxen,A1,,
N1301,Health,Salbe,Ointment,F,Salben,A2,,
N1302,Health,Schlaf,Sleep,M,-,A2,,
N1303,Health,Schnupfen,Runny nose,M,-,A1,,
N1304,Health,Tropfen,Drop (medicine),M,Tropfen,A2,,
N1305,Health,Versichertenkarte,Insurance card,F,Versichertenkarten,A2,,
N1306,Health,Wunde,Wound,F,Wunden,A2,,
N1307,Health,Zahnschmerzen,Toothache,P,-,A2,,
N1308,Hobbies and Sport,Band,Band (music group),F,Bands,A2,,
N1309,Hobbies and Sport,Fernsehen,Television (watching),N,-,A1,,
N1310,Hobbies and Sport,Foto,Photo,N,Fotos,A1,,
N1311,Hobbies and Sport,Freizeit,Free time,F,-,A1,,
N1312,Hobbies and Sport,Fußball,Football,M,Fußbälle,A1,,
N1313,Hobbies and Sport,Grillen,Barbecuing,N,-,A2,,
N1314,Hobbies and Sport,Handball,Handball,M,-,A2,,
N1315,Hobbies and Sport,Hobby,Hobby,N,Hobbys,A1,,
N1316,Hobbies and Sport,Komödie,Comedy,F,Komödien,A2,,
N1317,Hobbies and Sport,Krimi,Crime story,M,Krimis,A2,,
N1318,Hobbies and Sport,Medaille,Medal,F,Medaillen,A2,,
N1319,Hobbies and Sport,Picknick,Picnic,N,Picknicks|Picknicke,A2,,
N1320,Hobbies and Sport,Schach,Chess,N,-,A2,,
N1321,Hobbies and Sport,Schwimmbad,Swimming pool,N,Schwimmbäder,A1,,
N1322,Hobbies and Sport,Serie,Series (TV),F,Serien,A2,,
N1323,Hobbies and Sport,Spaziergang,Walk,M,Spaziergänge,A2,,
N1324,Hobbies and Sport,Sport,Sport,M,-,A1,,
N1325,Hobbies and Sport,Sänger,Singer (male),M,Sänger,A2,,
N1326,Hobbies and Sport,Sängerin,Singer (female),F,Sängerinnen,A2,,
N1327,Hobbies and Sport,Tennis,Tennis,N,-,A2,,
N1328,Hobbies and Sport,Tischtennis,Table tennis,N,-,A2,,
N1329,Hobbies and Sport,Volleyball,Volleyball,M,-,A2,,
N1330,Hobbies and Sport,Wettkampf,Competition,M,Wettkämpfe,A2,,
N1331,Home,Abfluss,Drain,M,Abflüsse,A2,,
N1332,Home,Arbeitszimmer,Study (room),N,Arbeitszimmer,A2,,
N1333,Home,Bettdecke,Duvet,F,Bettdecken,A2,,
N1334,Home,Bettwäsche,Bed linen,F,-,A2,,
N1335,Home,Blumentopf,Flowerpot,M,Blumentöpfe,A1,,
N1336,Home,Briefkasten,Letterbox,M,Briefkästen,A2,,
N1337,Home,Dachgeschoss,Attic floor,N,Dachgeschosse,A2,,
N1338,Home,Dose,Tin (or) can,F,Dosen,A1,,
N1339,Home,Ecke,Corner,F,Ecken,A1,,
N1340,Home,Etage,Floor (or) storey,F,Etagen,A2,,
N1341,Home,Fensterbank,Windowsill,F,Fensterbänke,A2,,
N1342,Home,Föhn,Hairdryer,M,Föhne,A2,,
N1343,Home,Gardine,Curtain (net),F,Gardinen,A2,,
N1344,Home,Gästezimmer,Guest room,N,Gästezimmer,A2,,
N1345,Home,Hausflur,Hallway (or) communal hallway,M,Hausflure,A2,,
N1346,Home,Hausnummer,House number,F,Hausnummern,A1,,
N1347,Home,Hof,Yard (or) courtyard,M,Höfe,A2,,
N1348,Home,Kaffeemaschine,Coffee machine,F,Kaffeemaschinen,A1,,
N1349,Home,Kamin,Fireplace (or) chimney,M,Kamine,A2,,
N1350,Home,Kerze,Candle,F,Kerzen,A1,,
N1351,Home,Kinderzimmer,Children's room,N,Kinderzimmer,A1,,
N1352,Home,Kissen,Cushion (or) pillow,N,Kissen,A1,,
N1353,Home,Kleiderschrank,Wardrobe,M,Kleiderschränke,A2,,
N1354,Home,Klingel,Doorbell,F,Klingeln,A2,,
N1355,Home,Möbel,Furniture,P,-,A1,,
N1356,Home,Mülltonne,Rubbish bin (outside),F,Mülltonnen,A2,,
N1357,Home,Nachbarschaft,Neighbourhood,F,Nachbarschaften,A2,,
N1358,Home,Nachttisch,Bedside table,M,Nachttische,A2,,
N1359,Home,Nummer,Number,F,Nummern,A1,,
N1360,Home,Ofen,Oven,M,Öfen,A1,,
N1361,Home,Pfanne,Pan,F,Pfannen,A1,,
N1362,Home,Platz,Space (or) square,M,Plätze,A1,,
N1363,Home,Postleitzahl,Postcode,F,Postleitzahlen,A1,,
N1364,Home,Radio,Radio,N,Radios,A1,,
N1365,Home,Renovierung,Renovation,F,Renovierungen,A2,,
N1366,Home,Reparatur,Repair,F,Reparaturen,A2,,
N1367,Home,Rollo,Roller blind,N,Rollos,A2,,
N1368,Home,Schlafzimmer,Bedroom,N,Schlafzimmer,A1,,
N1369,Home,Schublade,Drawer,F,Schubladen,A2,,
N1370,Home,Schüssel,Bowl,F,Schüsseln,A1,,
N1371,Home,Stock,Floor (or) storey,M,-,A1,,
N1372,Home,Toilettenpapier,Toilet paper,N,-,A2,,
N1373,Home,Topf,Pot,M,Töpfe,A1,,
N1374,Home,Treppenhaus,Stairwell,N,Treppenhäuser,A2,,
N1375,Home,Tüte,Bag (paper or plastic),F,Tüten,A1,,
N1376,Home,Waschbecken,Washbasin,N,Waschbecken,A1,,
N1377,Home,Waschlappen,Flannel (or) washcloth,M,Waschlappen,A2,,
N1378,Home,Wasserhahn,Tap,M,Wasserhähne,A2,,
N1379,Home,Wecker,Alarm clock,M,Wecker,A2,,
N1380,Home,Zaun,Fence,M,Zäune,A2,,
N1381,Home,Zuhause,Home,N,-,A1,,
N1382,Nature and Weather,Rose,Rose,F,Rosen,A2,,
N1383,Nature and Weather,Tulpe,Tulip,F,Tulpen,A2,,
N1384,Nature and Weather,Wettervorhersage,Weather forecast,F,Wettervorhersagen,A2,,
N1385,School and Study,Aussprache,Pronunciation,F,-,A2,,
N1386,School and Study,Biologie,Biology,F,-,A2,,
N1387,School and Study,Bleistift,Pencil,M,Bleistifte,A1,,
N1388,School and Study,Buchstabe,Letter (of the alphabet),M,Buchstaben,A1,,
N1389,School and Study,Chemie,Chemistry,F,-,A2,,
N1390,School and Study,Deutsch,German (language),N,-,A1,,
N1391,School and Study,Englisch,English (language),N,-,A1,,
N1392,School and Study,Erdkunde,Geography,F,-,A2,,
N1393,School and Study,Grundschule,Primary school,F,Grundschulen,A2,,
N1394,School and Study,Gymnasium,Grammar school,N,Gymnasien,A2,,
N1395,School and Study,Hochschule,University (or) college,F,Hochschulen,A2,,
N1396,School and Study,Klasse,Class,F,Klassen,A1,,
N1397,School and Study,Klassenfahrt,School trip,F,Klassenfahrten,A2,,
N1398,School and Study,Klassenzimmer,Classroom,N,Klassenzimmer,A2,,
N1399,School and Study,Kunst,Art,F,Künste,A2,,
N1400,School and Study,Kurs,Course,M,Kurse,A1,,
N1401,School and Study,Mappe,Folder,F,Mappen,A2,,
N1402,School and Study,Mathe,Maths,F,-,A1,,
N1403,School and Study,Mathematik,Mathematics (or) maths,F,-,A2,,
N1404,School and Study,Mitschüler,Classmate,M,Mitschüler,A2,,
N1405,School and Study,Niveau,Level,N,Niveaus,A2,,
N1406,School and Study,Pausenhof,Playground (school),M,Pausenhöfe,A2,,
N1407,School and Study,Schulhof,Playground (school),M,Schulhöfe,A2,,
N1408,School and Study,Physik,Physics,F,-,A2,,
N1409,School and Study,Radiergummi,Rubber (or) eraser,M,Radiergummis,A2,,
N1410,School and Study,Realschule,Secondary school (Realschule),F,Realschulen,A2,,
N1411,School and Study,Rechtschreibung,Spelling,F,-,A2,,
N1412,School and Study,Schulleiter,Headteacher,M,Schulleiter,A2,,
N1413,School and Study,Schulranzen,School bag,M,Schulranzen,A2,,
N1414,School and Study,Seite,Page (or) side,F,Seiten,A1,,
N1415,School and Study,Sprachkurs,Language course,M,Sprachkurse,A2,,
N1416,School and Study,Tafel,Blackboard,F,Tafeln,A1,,
N1417,School and Study,Taschenrechner,Calculator,M,Taschenrechner,A2,,
N1418,School and Study,Test,Test,M,Tests,A1,,
N1419,School and Study,Text,Text,M,Texte,A1,,
N1420,School and Study,Unterricht,Lessons (or) teaching,M,-,A2,,
N1421,School and Study,Zahl,Number,F,Zahlen,A1,,
N1422,School and Study,Zertifikat,Certificate,N,Zertifikate,A2,,
N1423,School and Study,Übung,Exercise,F,Übungen,A1,,
N1424,Technology,Computermaus,Mouse (computer),F,Computermäuse,A2,,
N1425,Technology,Empfang,Reception (desk) (or) reception (signal),M,-,A2,,
N1426,Technology,Kabel,Cable,N,Kabel,A2,,
N1427,Technology,Link,Link,M,Links,A2,,
N1428,Technology,WLAN,Wi-Fi,N,-,A2,,
N1429,Time,Anfang,Beginning,M,Anfänge,A1,,
N1430,Time,Dienstag,Tuesday,M,Dienstage,A1,,
N1431,Time,Donnerstag,Thursday,M,Donnerstage,A1,,
N1432,Time,Ende,End,N,Enden,A1,,
N1433,Time,Ferien,School holidays,P,-,A1,Only used in the plural: die Ferien.,
N1434,Time,Freitag,Friday,M,Freitage,A1,,
N1435,Time,Mittwoch,Wednesday,M,Mittwoche,A1,,
N1436,Time,Montag,Monday,M,Montage,A1,,
N1437,Time,Morgen,Morning,M,Morgen,A1,,
N1438,Time,Nachmittag,Afternoon,M,Nachmittage,A1,,
N1439,Time,Ostern,Easter,N,-,A1,,
N1440,Time,Rhythmus,Rhythm (or) routine,M,Rhythmen,A2,,
N1441,Time,Samstag,Saturday,M,Samstage,A1,,
N1442,Time,Sonnabend,Saturday,M,Sonnabende,A2,,
N1443,Time,Silvester,New Year's Eve,M|N,-,A1,,
N1444,Time,Sonntag,Sunday,M,Sonntage,A1,,
N1445,Time,Vormittag,Morning (late),M,Vormittage,A2,,
N1446,Time,Weihnachten,Christmas,N,-,A1,,
N1447,Town and Shopping,Ausverkauf,Sale (clearance),M,Ausverkäufe,A2,,
N1448,Town and Shopping,Blumenladen,Flower shop,M,Blumenläden,A2,,
N1449,Town and Shopping,Brunnen,Fountain (or) well,M,Brunnen,A2,,
N1450,Town and Shopping,Buchhandlung,Bookshop (or) bookstore,F,Buchhandlungen,A2,,
N1451,Town and Shopping,Bürgeramt,Citizens' office,N,Bürgerämter,A2,,
N1452,Town and Shopping,Café,Café,N,Cafés,A1,,
N1453,Town and Shopping,Einkauf,Shopping (or) purchase,M,Einkäufe,A1,,
N1454,Town and Shopping,Einkaufsliste,Shopping list,F,Einkaufslisten,A2,,
N1455,Town and Shopping,Einkaufswagen,Shopping trolley,M,Einkaufswagen,A2,,
N1456,Town and Shopping,Ermäßigung,Discount (or) reduction,F,Ermäßigungen,A2,,
N1457,Town and Shopping,Etikett,Label,N,Etiketten|Etikette|Etiketts,A2,,
N1458,Town and Shopping,Fleischerei,Butcher's (or) butcher shop,F,Fleischereien,A2,,
N1459,Town and Shopping,Flohmarkt,Flea market,M,Flohmärkte,A2,,
N1460,Town and Shopping,Geldbeutel,Wallet (or) purse,M,Geldbeutel,A1,,
N1461,Town and Shopping,Geschäft,Shop (or) business,N,Geschäfte,A1,,
N1462,Town and Shopping,Gutschein,Voucher,M,Gutscheine,A2,,
N1463,Town and Shopping,Hotel,Hotel,N,Hotels,A1,,
N1464,Town and Shopping,Kirche,Church,F,Kirchen,A1,,
N1465,Town and Shopping,Museum,Museum,N,Museen,A1,,
N1466,Town and Shopping,Optiker,Optician,M,Optiker,A2,,
N1467,Town and Shopping,Park,Park,M,Parks,A1,,
N1468,Town and Shopping,Parkplatz,Car park (or) parking space,M,Parkplätze,A2,,
N1469,Town and Shopping,Parkuhr,Parking meter,F,Parkuhren,A2,,
N1470,Town and Shopping,Pfand,Deposit (on bottles),N,-,A2,,
N1471,Town and Shopping,Post,Post office (or) mail,F,-,A1,,
N1472,Town and Shopping,Reinigung,Dry cleaner's,F,Reinigungen,A2,,
N1473,Town and Shopping,Restaurant,Restaurant,N,Restaurants,A1,,
N1474,Town and Shopping,Schreibwaren,Stationery,P,-,A2,Only used in the plural: die Schreibwaren.,
N1475,Town and Shopping,Schwimmhalle,Indoor pool,F,Schwimmhallen,A2,,
N1476,Town and Shopping,Hallenbad,Indoor pool,N,Hallenbäder,A2,,
N1477,Town and Shopping,Sonderangebot,Special offer (or) special deal,N,Sonderangebote,A2,,
N1478,Town and Shopping,Stadtrand,Outskirts,M,Stadtränder,A2,,
N1479,Town and Shopping,Turnhalle,Gym (sports hall),F,Turnhallen,A2,,
N1480,Town and Shopping,Wochenmarkt,Weekly market,M,Wochenmärkte,A2,,
N1481,Town and Shopping,Zentrum,Centre (or) city centre,N,Zentren,A1,,
N1482,Transport and Travel,Abflug,Departure (flight),M,Abflüge,A2,,
N1483,Transport and Travel,Ausfahrt,Exit (motorway),F,Ausfahrten,A2,,
N1484,Transport and Travel,Ausland,Abroad,N,-,A1,,
N1485,Transport and Travel,Aussicht,View,F,Aussichten,A2,,
N1486,Transport and Travel,Bahn,Railway (or) train,F,Bahnen,A1,,
N1487,Transport and Travel,Bahnsteig,Platform,M,Bahnsteige,A1,,
N1488,Transport and Travel,Benzin,Petrol,N,-,A2,,
N1489,Transport and Travel,Bordkarte,Boarding pass,F,Bordkarten,A2,,
N1490,Transport and Travel,Doppelzimmer,Double room,N,Doppelzimmer,A2,,
N1491,Transport and Travel,Einfahrt,Entrance (driveway),F,Einfahrten,A2,,
N1492,Transport and Travel,Einzelzimmer,Single room,N,Einzelzimmer,A2,,
N1493,Transport and Travel,Fahrer,Driver,M,Fahrer,A1,,
N1494,Transport and Travel,Fahrkartenautomat,Ticket machine,M,Fahrkartenautomaten,A2,,
N1495,Transport and Travel,Fensterplatz,Window seat,M,Fensterplätze,A2,,
N1496,Transport and Travel,Ferienwohnung,Holiday flat,F,Ferienwohnungen,A2,,
N1497,Transport and Travel,Gang,Aisle (or) corridor,M,Gänge,A2,,
N1498,Transport and Travel,Gepäckablage,Luggage rack,F,Gepäckablagen,A2,,
N1499,Transport and Travel,Halbpension,Half board,F,-,A2,,
N1500,Transport and Travel,Handgepäck,Hand luggage,N,-,A2,,
N1501,Transport and Travel,Helm,Helmet,M,Helme,A2,,
N1502,Transport and Travel,Kreisverkehr,Roundabout,M,Kreisverkehre,A2,,
N1503,Transport and Travel,Lastwagen,Lorry (or) truck,M,Lastwagen,A1,,
N1504,Transport and Travel,Lkw,Lorry (or) truck,M,Lkws|Lkw,A2,,
N1505,Transport and Travel,Mietwagen,Hire car,M,Mietwagen,A2,,
N1506,Transport and Travel,Monatskarte,Monthly ticket,F,Monatskarten,A2,,
N1507,Transport and Travel,Pass,Passport,M,Pässe,A1,,
N1508,Transport and Travel,Radweg,Cycle path,M,Radwege,A2,,
N1509,Transport and Travel,Rezeption,Reception (or) reception (desk),F,Rezeptionen,A2,,
N1510,Transport and Travel,Rundfahrt,Tour (or) sightseeing trip,F,Rundfahrten,A2,,
N1511,Transport and Travel,Schaffner,Conductor (train),M,Schaffner,A2,,
N1512,Transport and Travel,Sitzplatz,Seat,M,Sitzplätze,A2,,
N1513,Transport and Travel,Souvenir,Souvenir,N,Souvenirs,A2,,
N1514,Transport and Travel,Verkehrszeichen,Traffic sign,N,Verkehrszeichen,A2,,
N1515,Transport and Travel,Wohnwagen,Caravan,M,Wohnwagen,A2,,
N1516,Transport and Travel,Zelt,Tent,N,Zelte,A2,,
N1517,Work and Jobs,Anruf,Phone call,M,Anrufe,A2,,
N1518,Work and Jobs,Anzeige,Advertisement (or) notice,F,Anzeigen,A2,,
N1519,Work and Jobs,Arbeitszeit,Working hours,F,Arbeitszeiten,A2,,
N1520,Work and Jobs,Architekt,Architect,M,Architekten,A2,,
N1521,Work and Jobs,Auftrag,Order (or) assignment,M,Aufträge,A2,,
N1522,Work and Jobs,Azubi,Trainee (or) apprentice,M|F,Azubis,A2,,
N1523,Work and Jobs,Busfahrer,Bus driver,M,Busfahrer,A2,,
N1524,Work and Jobs,Bäcker,Baker,M,Bäcker,A1,,
N1525,Work and Jobs,Dienstreise,Business trip,F,Dienstreisen,A2,,
N1526,Work and Jobs,Geschäftsreise,Business trip,F,Geschäftsreisen,A2,,
N1527,Work and Jobs,Durchwahl,Extension (phone),F,Durchwahlen,A2,,
N1528,Work and Jobs,Elektriker,Electrician,M,Elektriker,A2,,
N1529,Work and Jobs,Erzieherin,Nursery teacher (female),F,Erzieherinnen,A2,,
N1530,Work and Jobs,Formular,Form (to fill in),N,Formulare,A1,,
N1531,Work and Jobs,Friseurin,Hairdresser (female),F,Friseurinnen,A2,,
N1532,Work and Jobs,Gärtner,Gardener,M,Gärtner,A2,,
N1533,Work and Jobs,Hausfrau,Housewife,F,Hausfrauen,A2,,
N1534,Work and Jobs,Kantine,Canteen,F,Kantinen,A2,,
N1535,Work and Jobs,Kassierer,Cashier,M,Kassierer,A2,,
N1536,Work and Jobs,Klempner,Plumber,M,Klempner,A2,,
N1537,Work and Jobs,Maler,Painter,M,Maler,A2,,
N1538,Work and Jobs,Mechaniker,Mechanic,M,Mechaniker,A2,,
N1539,Work and Jobs,Mittagspause,Lunch break,F,Mittagspausen,A2,,
N1540,Work and Jobs,Pfleger,Carer (or) nurse (male),M,Pfleger,A2,,
N1541,Work and Jobs,Pilot,Pilot,M,Piloten,A2,,
N1542,Work and Jobs,Rentner,Pensioner,M,Rentner,A2,,
N1543,Work and Jobs,Sekretärin,Secretary (female),F,Sekretärinnen,A2,,
N1544,Work and Jobs,Sitzung,Meeting,F,Sitzungen,A2,,
N1545,Work and Jobs,Stellenanzeige,Job advert,F,Stellenanzeigen,A2,,
N1546,Work and Jobs,Visitenkarte,Business card,F,Visitenkarten,A2,,
