table,topics,kind,position,c1,c2,c3,c4,c5,c6
gender-tips,vocabulary|genders,title,0,Clues to a noun's gender,,,,,
gender-tips,,note,0,Always learn a noun together with its article. These endings help you guess.,,,,,
gender-tips,,header,0,Ending or group,Usually,Examples,,,
gender-tips,,row,1,"-ung, -heit, -keit, -schaft",die,"die Zeitung, die Freiheit",,,
gender-tips,,row,2,"-tion, -tät, -ei, -ik",die,"die Station, die Bäckerei, die Musik",,,
gender-tips,,row,3,"-e (most, not all)",die,"die Lampe, die Tasche",,,
gender-tips,,row,4,"-chen, -lein",das,"das Mädchen, das Brötchen",,,
gender-tips,,row,5,"-ment, -um (Latin words)",das,"das Dokument, das Museum",,,
gender-tips,,row,6,"-ling, -ismus, -or, -ig",der,"der Frühling, der Motor, der Honig",,,
gender-tips,,row,7,"Days, months, seasons",der,"der Montag, der Mai, der Winter",,,
gender-tips,,row,8,Compound nouns,last part,die Haustür (die Tür),,,
plural-tips,vocabulary|plurals,title,0,Common plural patterns,,,,,
plural-tips,,note,0,"In the nominative the plural article is always die, whatever the gender.",,,,,
plural-tips,,header,0,Pattern,Plural,Examples,,,
plural-tips,,row,1,Most feminine nouns,+ (e)n,"Lampe → Lampen, Frau → Frauen",,,
plural-tips,,row,2,-in (female people),+ nen,Lehrerin → Lehrerinnen,,,
plural-tips,,row,3,"Masc./neut. in -er, -el, -en","no change, sometimes umlaut","Lehrer → Lehrer, Vater → Väter, Apfel → Äpfel",,,
plural-tips,,row,4,"-chen, -lein",no change,Mädchen → Mädchen,,,
plural-tips,,row,5,Many masculine nouns,"+ e, often umlaut","Tisch → Tische, Stuhl → Stühle",,,
plural-tips,,row,6,Many short neuter nouns,"+ er, umlaut where possible","Kind → Kinder, Buch → Bücher (but Jahr → Jahre)",,,
plural-tips,,row,7,"Masc. nouns in -e, people in -ent, -ist",+ (e)n,"Kollege → Kollegen, Student → Studenten",,,
plural-tips,,row,8,"Foreign words, endings -a -i -o -u -y",+ s,"Auto → Autos, Hotel → Hotels",,,
verb-endings,verbs,title,0,Present tense endings,,,,,
verb-endings,,note,0,"Stem-changing verbs (fahren, sehen, geben) change their vowel only in the du and er/sie/es forms. Stems ending in -t or -d add an e: du arbeitest, er arbeitet – but not when the vowel changes: du hältst, er hält. After s, ß or z, du only adds -t: du heißt, du tanzt.",,,,,
verb-endings,,header,0,,Ending,spielen,fahren,sehen,
verb-endings,,row,1,ich,-e,spiele,fahre,sehe,
verb-endings,,row,2,du,-st,spielst,fährst,siehst,
verb-endings,,row,3,er / sie / es,-t,spielt,fährt,sieht,
verb-endings,,row,4,wir,-en,spielen,fahren,sehen,
verb-endings,,row,5,ihr,-t,spielt,fahrt,seht,
verb-endings,,row,6,sie / Sie,-en,spielen,fahren,sehen,
verb-irregular,verbs,title,0,The most important irregular verbs,,,,,
verb-irregular,,note,0,"sein, haben, werden and wissen are irregular (sein in every form, the others mainly in the singular). Modal verbs have no ending in the ich and er/sie/es forms.",,,,,
verb-irregular,,header,0,,sein,haben,können,wollen,
verb-irregular,,row,1,ich,bin,habe,kann,will,
verb-irregular,,row,2,du,bist,hast,kannst,willst,
verb-irregular,,row,3,er / sie / es,ist,hat,kann,will,
verb-irregular,,row,4,wir,sind,haben,können,wollen,
verb-irregular,,row,5,ihr,seid,habt,könnt,wollt,
verb-irregular,,row,6,sie / Sie,sind,haben,können,wollen,
perfekt-participle,pastTense,title,0,Building the past participle,,,,,
perfekt-participle,,note,0,Perfekt = haben or sein + past participle at the end: Ich habe Pizza gegessen.,,,,,
perfekt-participle,,header,0,Verb type,Participle,Example,,,
perfekt-participle,,row,1,Regular,ge- … -t,machen → gemacht,,,
perfekt-participle,,row,2,Stem ending in -t or -d,ge- … -et,arbeiten → gearbeitet,,,
perfekt-participle,,row,3,Irregular,"ge- … -en, vowel may change",trinken → getrunken,,,
perfekt-participle,,row,4,Mixed,"ge- … -t, vowel changes","bringen → gebracht, denken → gedacht",,,
perfekt-participle,,row,5,"be-, ver-, er-, ent-, emp-, zer-, miss-, ge-",no ge-,besuchen → besucht,,,
perfekt-participle,,row,6,Ending in -ieren,"no ge-, ends in -t",studieren → studiert,,,
perfekt-participle,,row,7,Separable verbs,-ge- in the middle,einkaufen → eingekauft,,,
perfekt-helper,pastTense,title,0,haben or sein?,,,,,
perfekt-helper,,header,0,Helper,When,Example,,,
perfekt-helper,,row,1,haben,"Most verbs, and almost all verbs with a direct object",Ich habe gegessen.,,,
perfekt-helper,,row,2,sein,Movement from A to B,Ich bin gefahren.,,,
perfekt-helper,,row,3,sein,Change of state,Er ist eingeschlafen.,,,
perfekt-helper,,row,4,sein,"sein, bleiben, werden",Wir sind geblieben.,,,
perfekt-helper,,row,5,haben / sein,"stehen, sitzen, liegen: haben in the north, sein in the south, Austria and Switzerland",Ich habe / bin gesessen.,,,
praeteritum-sein-haben,praeteritum,title,0,"sein, haben and the modal verbs",,,,,
praeteritum-sein-haben,,note,0,"In speech these are used in the Präteritum even when everything else is in the Perfekt: Ich war krank, ich hatte keine Zeit, ich konnte nicht kommen.",,,,,
praeteritum-sein-haben,,header,0,,sein,haben,können,müssen,wollen
praeteritum-sein-haben,,row,1,ich,war,hatte,konnte,musste,wollte
praeteritum-sein-haben,,row,2,du,warst,hattest,konntest,musstest,wolltest
praeteritum-sein-haben,,row,3,er / sie / es,war,hatte,konnte,musste,wollte
praeteritum-sein-haben,,row,4,wir,waren,hatten,konnten,mussten,wollten
praeteritum-sein-haben,,row,5,ihr,wart,hattet,konntet,musstet,wolltet
praeteritum-sein-haben,,row,6,sie / Sie,waren,hatten,konnten,mussten,wollten
praeteritum-endings,praeteritum,title,0,Regular and irregular verbs,,,,,
praeteritum-endings,,note,0,"Regular verbs add -te; irregular verbs change the vowel and add no -te (ich ging, er ging). Mostly used in writing – in speech the Perfekt is more common.",,,,,
praeteritum-endings,,header,0,,Regular: spielen,Irregular: gehen,Mixed: bringen,,
praeteritum-endings,,row,1,ich,spielte,ging,brachte,,
praeteritum-endings,,row,2,du,spieltest,gingst,brachtest,,
praeteritum-endings,,row,3,er / sie / es,spielte,ging,brachte,,
praeteritum-endings,,row,4,wir,spielten,gingen,brachten,,
praeteritum-endings,,row,5,ihr,spieltet,gingt,brachtet,,
praeteritum-endings,,row,6,sie / Sie,spielten,gingen,brachten,,
praeteritum-irregular,praeteritum,title,0,Common irregular forms,,,,,
praeteritum-irregular,,note,0,Learn these as a list: infinitive – Präteritum – participle.,,,,,
praeteritum-irregular,,header,0,Infinitive,Präteritum,Participle,,,
praeteritum-irregular,,row,1,gehen,ging,gegangen,,,
praeteritum-irregular,,row,2,kommen,kam,gekommen,,,
praeteritum-irregular,,row,3,sehen,sah,gesehen,,,
praeteritum-irregular,,row,4,geben,gab,gegeben,,,
praeteritum-irregular,,row,5,fahren,fuhr,gefahren,,,
praeteritum-irregular,,row,6,nehmen,nahm,genommen,,,
praeteritum-irregular,,row,7,finden,fand,gefunden,,,
praeteritum-irregular,,row,8,lesen,las,gelesen,,,
praeteritum-irregular,,row,9,schreiben,schrieb,geschrieben,,,
praeteritum-irregular,,row,10,sprechen,sprach,gesprochen,,,
praeteritum-irregular,,row,11,essen,aß,gegessen,,,
praeteritum-irregular,,row,12,trinken,trank,getrunken,,,
praeteritum-irregular,,row,13,schlafen,schlief,geschlafen,,,
praeteritum-irregular,,row,14,helfen,half,geholfen,,,
praeteritum-irregular,,row,15,bleiben,blieb,geblieben,,,
praeteritum-irregular,,row,16,stehen,stand,gestanden,,,
praeteritum-irregular,,row,17,laufen,lief,gelaufen,,,
praeteritum-irregular,,row,18,treffen,traf,getroffen,,,
praeteritum-irregular,,row,19,beginnen,begann,begonnen,,,
praeteritum-irregular,,row,20,werden,wurde,geworden,,,
praeteritum-irregular,,row,21,wissen,wusste,gewusst,,,
praeteritum-irregular,,row,22,denken,dachte,gedacht,,,
praeteritum-irregular,,row,23,bringen,brachte,gebracht,,,
praeteritum-irregular,,row,24,kennen,kannte,gekannt,,,
futur-werden,futur,title,0,Futur I: werden + infinitive,,,,,
futur-werden,,note,0,"The form of werden takes second position, the infinitive goes to the end. For plans with a time word, the present tense is more common: Morgen fahre ich nach Berlin.",,,,,
futur-werden,,header,0,,werden,Example,,,
futur-werden,,row,1,ich,werde,Ich werde morgen kommen.,,,
futur-werden,,row,2,du,wirst,Du wirst es sehen.,,,
futur-werden,,row,3,er / sie / es,wird,Es wird regnen.,,,
futur-werden,,row,4,wir,werden,Wir werden gewinnen.,,,
futur-werden,,row,5,ihr,werdet,Ihr werdet viel lernen.,,,
futur-werden,,row,6,sie / Sie,werden,Sie werden ein Haus bauen.,,,
futur-uses,futur,title,0,What Futur I is used for,,,,,
futur-uses,,header,0,Use,Example,Meaning,,,
futur-uses,,row,1,A prediction,Es wird morgen regnen.,It will rain tomorrow.,,,
futur-uses,,row,2,A promise or intention,Ich werde dich anrufen.,I will call you.,,,
futur-uses,,row,3,An assumption (with wohl),Er wird wohl zu Hause sein.,He is probably at home.,,,
futur-uses,,row,4,A plan (present is enough),Morgen fahre ich nach Berlin.,Tomorrow I'm going to Berlin.,,,
separable-forms,separableVerbs,title,0,"One verb, four positions",,,,,
separable-forms,,note,0,"In a main clause the prefix splits off in the present and the Präteritum (in a subordinate clause it stays joined: …, weil ich dich anrufe). It sits in front of -ge- in the participle, and in front of zu with an infinitive.",,,,,
separable-forms,,header,0,,anrufen,aufstehen,,,
separable-forms,,row,1,Present,Ich rufe dich an.,Sie steht früh auf.,,,
separable-forms,,row,2,Präteritum,Ich rief dich an.,Sie stand früh auf.,,,
separable-forms,,row,3,Perfekt,Ich habe dich angerufen.,Sie ist früh aufgestanden.,,,
separable-forms,,row,4,With zu,"Ich versuche, dich anzurufen.",Es ist Zeit aufzustehen.,,,
separable-forms,,row,5,With a modal,Ich muss dich anrufen.,Sie will früh aufstehen.,,,
separable-prefixes,separableVerbs,title,0,Separable or not?,,,,,
separable-prefixes,,note,0,"Stressed prefixes separate: AN-rufen. Unstressed ones never do, and their participles have no ge-: ver-STE-hen → verstanden.",,,,,
separable-prefixes,,header,0,Prefixes,Separable?,Examples,,,
separable-prefixes,,row,1,"ab-, an-, auf-, aus-, ein-, mit-, nach-, vor-, zu-, zurück-, weg-, fern-, statt-, teil-",yes,"abfahren, anfangen, einkaufen, mitkommen, fernsehen",,,
separable-prefixes,,row,2,"be-, ver-, er-, ent-, emp-, ge-, miss-, zer-",no,"besuchen, verstehen, erklären, entdecken, zerstören",,,
separable-prefixes,,row,3,"über-, unter-, um-, durch-, wieder-","both, depending on the verb","übersetzen (translate: no), umziehen (move house: yes)",,,
genitive-articles,genitive,title,0,The genitive,,,,,
genitive-articles,,note,0,Answers wessen? (whose?). Masculine and neuter nouns add -s or -es; feminine nouns and plurals don't change.,,,,,
genitive-articles,,header,0,,Masc.,Neut.,Fem.,Plural,
genitive-articles,,row,1,der / die / das,des Mannes,des Kindes,der Frau,der Kinder,
genitive-articles,,row,2,ein / eine,eines Mannes,eines Kindes,einer Frau,–,
genitive-articles,,row,3,kein,keines Mannes,keines Kindes,keiner Frau,keiner Kinder,
genitive-articles,,row,4,mein,meines Vaters,meines Autos,meiner Mutter,meiner Eltern,
genitive-articles,,row,5,Adjective after der / ein,des alten Mannes,eines neuen Autos,der jungen Frau,der kleinen Kinder,
genitive-articles,,row,6,"Adjective, no article",schlechten Wetters,frischen Brotes,frischer Milch,hoher Preise,
genitive-endings,genitive,title,0,The -s or -es on the noun,,,,,
genitive-endings,,note,0,"Feminine nouns and plurals take no ending. n-nouns (Nachbar, Student, Kollege, Junge, Herr) add -(e)n instead of -s.",,,,,
genitive-endings,,header,0,Noun,Genitive,Rule,,,
genitive-endings,,row,1,"das Auto, der Himmel","des Autos, des Himmels","-s: more than one syllable, or ends in a vowel",,,
genitive-endings,,row,2,"der Mann, das Haus, der Tisch","des Mannes, des Hauses, des Tisches","-es: one syllable, or ends in s, ß, z, sch",,,
genitive-endings,,row,3,"der Nachbar, der Student","des Nachbarn, des Studenten",n-nouns: -(e)n,,,
genitive-endings,,row,4,"die Frau, die Kinder","der Frau, der Kinder",no ending,,,
genitive-prepositions,genitive,title,0,Prepositions with the genitive,,,,,
genitive-prepositions,,note,0,"In everyday speech wegen and trotz are often heard with the dative (wegen dem Wetter). The genitive is the written standard, and what exams expect.",,,,,
genitive-prepositions,,header,0,Preposition,Meaning,Example,,,
genitive-prepositions,,row,1,wegen,because of,wegen des Wetters,,,
genitive-prepositions,,row,2,trotz,despite,trotz des Regens,,,
genitive-prepositions,,row,3,während,during,während der Ferien,,,
genitive-prepositions,,row,4,(an)statt,instead of,statt des Autos,,,
genitive-prepositions,,row,5,innerhalb,within,innerhalb einer Woche,,,
genitive-prepositions,,row,6,außerhalb,outside,außerhalb der Stadt,,,
genitive-prepositions,,row,7,aufgrund,due to,aufgrund des Sturms,,,
comparison-forms,comparison,title,0,Comparative and superlative,,,,,
comparison-forms,,note,0,"Comparative: -er. Superlative: am -sten after a verb, -ste with an ending before a noun. Many short adjectives with a, o, u take an umlaut (alt → älter), but not all (klar → klarer, froh → froher).",,,,,
comparison-forms,,header,0,Adjective,Comparative,Superlative,Before a noun,,
comparison-forms,,row,1,klein,kleiner,am kleinsten,das kleinste Kind,,
comparison-forms,,row,2,groß,größer,am größten,die größte Stadt,,
comparison-forms,,row,3,alt,älter,am ältesten,der älteste Bruder,,
comparison-forms,,row,4,jung,jünger,am jüngsten,die jüngste Tochter,,
comparison-forms,,row,5,kalt,kälter,am kältesten,der kälteste Monat,,
comparison-forms,,row,6,teuer,teurer,am teuersten,das teuerste Hotel,,
comparison-forms,,row,7,dunkel,dunkler,am dunkelsten,die dunkelste Nacht,,
comparison-forms,,row,8,heiß,heißer,am heißesten,der heißeste Tag,,
comparison-irregular,comparison,title,0,Irregular forms,,,,,
comparison-irregular,,header,0,Adjective,Comparative,Superlative,,,
comparison-irregular,,row,1,gut,besser,am besten,,,
comparison-irregular,,row,2,viel,mehr,am meisten,,,
comparison-irregular,,row,3,gern,lieber,am liebsten,,,
comparison-irregular,,row,4,hoch,höher,am höchsten,,,
comparison-irregular,,row,5,nah,näher,am nächsten,,,
comparison-irregular,,row,6,groß,größer,am größten,,,
comparison-als-wie,comparison,title,0,als or wie?,,,,,
comparison-als-wie,,header,0,Pattern,Example,Meaning,,,
comparison-als-wie,,row,1,comparative + als,Berlin ist größer als Bonn.,bigger than,,,
comparison-als-wie,,row,2,so + adjective + wie,Anna ist so alt wie Lisa.,as old as,,,
comparison-als-wie,,row,3,nicht so … wie,Ich bin nicht so groß wie er.,not as tall as,,,
comparison-als-wie,,row,4,genauso … wie,Das Zimmer ist genauso groß wie meins.,just as big as,,,
comparison-als-wie,,row,5,immer + comparative,Es wird immer kälter.,colder and colder,,,
comparison-als-wie,,row,6,je … desto,"Je mehr ich lerne, desto besser wird es.",the more … the better,,,
wordorder-main,wordOrder,title,0,Main clause: verb in second position,,,,,
wordorder-main,,note,0,"Whatever comes first – the subject, a time, a place – the conjugated verb is the second element. A second verb part (infinitive, participle, prefix) goes to the end.",,,,,
wordorder-main,,header,0,Position 1,Verb,Middle,End,,
wordorder-main,,row,1,Ich,fahre,morgen nach Berlin,,,
wordorder-main,,row,2,Morgen,fahre,ich nach Berlin,,,
wordorder-main,,row,3,Ich,kann,heute nicht,kommen,,
wordorder-main,,row,4,Gestern,habe,ich ein Buch,gekauft,,
wordorder-main,,row,5,Sie,ruft,ihre Mutter,an,,
wordorder-sub,wordOrder,title,0,Subordinate clause: verb at the end,,,,,
wordorder-sub,,note,0,"After these words the conjugated verb goes to the end. If the subordinate clause comes first, the main clause starts with its verb: Weil ich krank bin, bleibe ich zu Hause.",,,,,
wordorder-sub,,header,0,Conjunction,Meaning,Example,,,
wordorder-sub,,row,1,weil,because,"…, weil ich krank bin.",,,
wordorder-sub,,row,2,dass,that,"Ich weiß, dass du recht hast.",,,
wordorder-sub,,row,3,ob,whether / if,"Ich weiß nicht, ob er kommt.",,,
wordorder-sub,,row,4,wenn,if / whenever,"Wenn es regnet, bleiben wir zu Hause.",,,
wordorder-sub,,row,5,als,"when (once, in the past)","Als ich ein Kind war, …",,,
wordorder-sub,,row,6,obwohl,although,"…, obwohl es teuer war.",,,
wordorder-sub,,row,7,damit,so that,"…, damit du es verstehst.",,,
wordorder-sub,,row,8,"wo, wann, warum, wie, was",indirect questions,"Ich weiß nicht, wo er wohnt.",,,
wordorder-conj,wordOrder,title,0,Words that don't change the order,,,,,
wordorder-conj,,note,0,"After und, aber, oder, denn and sondern the clause keeps its normal order: verb in second position.",,,,,
wordorder-conj,,header,0,Conjunction,Meaning,Example,,,
wordorder-conj,,row,1,und,and,Ich lese und er schläft.,,,
wordorder-conj,,row,2,aber,but,"Ich komme, aber ich bleibe nicht lange.",,,
wordorder-conj,,row,3,oder,or,Gehen wir ins Kino oder bleiben wir hier?,,,
wordorder-conj,,row,4,denn,because (no change),"Ich bleibe zu Hause, denn ich bin krank.",,,
wordorder-conj,,row,5,sondern,but rather,"Er fährt nicht mit dem Auto, sondern er nimmt den Zug.",,,
relative-forms,relativePronouns,title,0,Relative pronouns,,,,,
relative-forms,,note,0,"Like der / die / das, except the dative plural denen and the genitive dessen / deren. Gender and number come from the noun before the comma, the case from the relative clause. The verb goes to the end.",,,,,
relative-forms,,header,0,,Masc.,Neut.,Fem.,Plural,
relative-forms,,row,1,Nominative,der,das,die,die,
relative-forms,,row,2,Accusative,den,das,die,die,
relative-forms,,row,3,Dative,dem,dem,der,denen,
relative-forms,,row,4,Genitive,dessen,dessen,deren,deren,
relative-examples,relativePronouns,title,0,Which case?,,,,,
relative-examples,,header,0,Role in the clause,Example,Why,,,
relative-examples,,row,1,Subject,"der Mann, der dort wohnt",he lives there,,,
relative-examples,,row,2,Direct object,"der Mann, den ich kenne",I know him,,,
relative-examples,,row,3,After a dative verb,"der Mann, dem ich helfe",helfen + dative,,,
relative-examples,,row,4,Owner,"der Mann, dessen Auto rot ist",whose car,,,
relative-examples,,row,5,After a preposition,"der Mann, mit dem ich arbeite",mit + dative,,,
relative-examples,,row,6,After a preposition,"die Frau, auf die ich warte",warten auf + accusative,,,
konjunktiv-forms,konjunktiv,title,0,Konjunktiv II,,,,,
konjunktiv-forms,,note,0,"Most verbs use würde + infinitive. haben, sein, werden, wissen and the modal verbs have their own forms.",,,,,
konjunktiv-forms,,header,0,,würde,hätte,wäre,könnte,müsste
konjunktiv-forms,,row,1,ich,würde,hätte,wäre,könnte,müsste
konjunktiv-forms,,row,2,du,würdest,hättest,wär(e)st,könntest,müsstest
konjunktiv-forms,,row,3,er / sie / es,würde,hätte,wäre,könnte,müsste
konjunktiv-forms,,row,4,wir,würden,hätten,wären,könnten,müssten
konjunktiv-forms,,row,5,ihr,würdet,hättet,wär(e)t,könntet,müsstet
konjunktiv-forms,,row,6,sie / Sie,würden,hätten,wären,könnten,müssten
konjunktiv-uses,konjunktiv,title,0,What it is used for,,,,,
konjunktiv-uses,,note,0,"Other own forms: dürfte, sollte, wollte, möchte, wüsste, käme, ginge, gäbe (es gäbe = there would be).",,,,,
konjunktiv-uses,,header,0,Use,Example,,,,
konjunktiv-uses,,row,1,Unreal condition,"Wenn ich Zeit hätte, würde ich kommen.",,,,
konjunktiv-uses,,row,2,Wish,"Wenn ich nur mehr Zeit hätte! Ich wünschte, ich könnte fliegen.",,,,
konjunktiv-uses,,row,3,Polite request,Könnten Sie mir helfen? Ich hätte gern einen Kaffee.,,,,
konjunktiv-uses,,row,4,Advice,Du solltest mehr schlafen. An deiner Stelle würde ich gehen.,,,,
konjunktiv-uses,,row,5,Careful statement,Das könnte stimmen. Es dürfte regnen.,,,,
passive-tenses,passive,title,0,The passive: werden + participle,,,,,
passive-tenses,,note,0,"Who does it is often left out; if needed, add it with von + dative: Das Haus wurde von meinem Vater gebaut.",,,,,
passive-tenses,,header,0,Tense,Form,Example,,,
passive-tenses,,row,1,Present,wird + participle,Das Haus wird gebaut.,,,
passive-tenses,,row,2,Präteritum,wurde + participle,Das Haus wurde gebaut.,,,
passive-tenses,,row,3,Perfekt,ist + participle + worden,Das Haus ist gebaut worden.,,,
passive-tenses,,row,4,With a modal,muss + participle + werden,Das Haus muss gebaut werden.,,,
passive-tenses,,row,5,Futur,wird + participle + werden,Das Haus wird gebaut werden.,,,
passive-werden,passive,title,0,werden in the passive,,,,,
passive-werden,,note,0,The same forms as Futur I (present) and as the Präteritum of werden.,,,,,
passive-werden,,header,0,,Present,Präteritum,Perfekt,,
passive-werden,,row,1,ich,werde gefragt,wurde gefragt,bin gefragt worden,,
passive-werden,,row,2,du,wirst gefragt,wurdest gefragt,bist gefragt worden,,
passive-werden,,row,3,er / sie / es,wird gefragt,wurde gefragt,ist gefragt worden,,
passive-werden,,row,4,wir,werden gefragt,wurden gefragt,sind gefragt worden,,
passive-werden,,row,5,ihr,werdet gefragt,wurdet gefragt,seid gefragt worden,,
passive-werden,,row,6,sie / Sie,werden gefragt,wurden gefragt,sind gefragt worden,,
verbprep-list,verbPrepositions,title,0,Verbs with a fixed preposition,,,,,
verbprep-list,,note,0,Learn the preposition and its case together with the verb.,,,,,
verbprep-list,,header,0,Verb,Case,Example,,,
verbprep-list,,row,1,warten auf,Akk.,Ich warte auf den Bus.,,,
verbprep-list,,row,2,sich freuen auf,Akk.,Ich freue mich auf die Ferien. (still to come),,,
verbprep-list,,row,3,sich freuen über,Akk.,Ich freue mich über das Geschenk. (has happened),,,
verbprep-list,,row,4,denken an,Akk.,Ich denke an dich.,,,
verbprep-list,,row,5,sich erinnern an,Akk.,Ich erinnere mich an den Tag.,,,
verbprep-list,,row,6,sich interessieren für,Akk.,Er interessiert sich für Kunst.,,,
verbprep-list,,row,7,sprechen über,Akk.,Wir sprechen über das Wetter.,,,
verbprep-list,,row,8,sich ärgern über,Akk.,Sie ärgert sich über den Lärm.,,,
verbprep-list,,row,9,sich kümmern um,Akk.,Sie kümmert sich um die Kinder.,,,
verbprep-list,,row,10,bitten um,Akk.,Ich bitte um Hilfe.,,,
verbprep-list,,row,11,sich konzentrieren auf,Akk.,Konzentrier dich auf die Arbeit.,,,
verbprep-list,,row,12,sich vorbereiten auf,Akk.,Wir bereiten uns auf die Prüfung vor.,,,
verbprep-list,,row,13,stolz sein auf,Akk.,Ich bin stolz auf dich.,,,
verbprep-list,,row,14,träumen von,Dat.,Er träumt von einem Haus.,,,
verbprep-list,,row,15,sprechen mit,Dat.,Ich spreche mit meinem Chef.,,,
verbprep-list,,row,16,fragen nach,Dat.,Er fragt nach dem Weg.,,,
verbprep-list,,row,17,teilnehmen an,Dat.,Wir nehmen am Kurs teil.,,,
verbprep-list,,row,18,Angst haben vor,Dat.,Sie hat Angst vor Hunden.,,,
verbprep-list,,row,19,abhängen von,Dat.,Das hängt vom Wetter ab.,,,
verbprep-list,,row,20,zufrieden sein mit,Dat.,Wir sind zufrieden mit dem Ergebnis.,,,
verbprep-list,,row,21,sich beschäftigen mit,Dat.,Er beschäftigt sich mit Musik.,,,
verbprep-da-wo,verbPrepositions,title,0,da-words and wo-words,,,,,
verbprep-da-wo,,note,0,"For things, not people. Add r when the preposition starts with a vowel: darauf, daran, darüber, worauf, woran, worüber.",,,,,
verbprep-da-wo,,header,0,Preposition,Statement (it),Question (what),Person,,
verbprep-da-wo,,row,1,auf,darauf,worauf,auf ihn / auf wen,,
verbprep-da-wo,,row,2,über,darüber,worüber,über sie / über wen,,
verbprep-da-wo,,row,3,an,daran,woran,an dich / an wen,,
verbprep-da-wo,,row,4,von,davon,wovon,von ihm / von wem,,
verbprep-da-wo,,row,5,für,dafür,wofür,für sie / für wen,,
verbprep-da-wo,,row,6,mit,damit,womit,mit ihr / mit wem,,
verbprep-da-wo,,row,7,um,darum,worum,um ihn / um wen,,
verbprep-da-wo,,row,8,nach,danach,wonach,nach ihm / nach wem,,
verbprep-da-wo,,row,9,vor,davor,wovor,vor ihm / vor wem,,
