topic,type,rule
praeteritum,sein & haben,"Präteritum of sein: war, warst, war, waren, wart, waren. Of haben: hatte, hattest, hatte, hatten, hattet, hatten. In speech, sein & haben are nearly always used in the Präteritum, not the Perfekt."
praeteritum,Modal verbs,"Modal verbs drop the umlaut and add -te: können → konnte, müssen → musste, dürfen → durfte; sollen and wollen have no umlaut (sollte, wollte), and mögen becomes mochte (g → ch). Endings: ich -te, du -test, er/sie/es -te, wir -ten, ihr -tet, sie -ten."
praeteritum,Regular verbs,"Regular verbs: stem + -te + ending: ich spielte, du spieltest, er spielte, wir spielten, ihr spieltet, sie spielten. Stems in -t or -d, and stems ending in a consonant + m or n, add an e: arbeitete, wartete, antwortete, öffnete, regnete."
praeteritum,Irregular verbs,"Irregular verbs change the stem vowel and take no -te: ich ging, du gingst, er ging, wir gingen, ihr gingt, sie gingen. ich and er/sie/es have no ending at all."
praeteritum,Mixed verbs,"Mixed verbs change the vowel and still take -te: bringen → brachte, denken → dachte, kennen → kannte, wissen → wusste, nennen → nannte, rennen → rannte, brennen → brannte."
futur,werden + infinitive,"Futur I = a form of werden (werde, wirst, wird, werden, werdet, werden) + the infinitive at the end. For plans with a time word, Germans mostly use the present: Morgen fahre ich nach Berlin."
futur,Probably (wohl),werden + wohl expresses an assumption about now: Er wird wohl zu Hause sein = He is probably at home.
futur,Infinitive at the end,The infinitive goes to the very end of the clause; the form of werden stays in second position: Wir werden nach Rom fliegen.
separableVerbs,Present: prefix at the end,"Separable verbs split in the present tense: the prefix (an-, auf-, ein-, mit-, ab-, zu-, aus-, vor-, zurück-…) goes to the end of the clause: anrufen → Ich rufe dich an."
separableVerbs,Perfekt: -ge- in the middle,"The participle keeps the prefix and puts -ge- in the middle, all in one word: anrufen → angerufen, aufstehen → aufgestanden."
separableVerbs,zu: prefix + zu + verb,"With zu, the zu goes between the prefix and the verb, in one word: anzurufen, aufzustehen, einzukaufen."
separableVerbs,Modal verbs: whole verb at the end,"After a modal verb (or werden), the separable verb stays in one piece at the end: Ich muss früh aufstehen."
separableVerbs,Inseparable prefixes,"be-, ver-, er-, ent-, emp-, ge-, miss- and zer- are never separated, and their participles have no ge-: verstehen → ich verstehe, verstanden."
genitive,Definite article,"Genitive articles: des (masculine and neuter) and der (feminine and plural). Masculine and neuter nouns add -s or -es: des Mannes, des Autos. The genitive answers wessen? (whose?)."
genitive,Indefinite and possessive,"ein, kein and the possessives take -es (masc./neut.) or -er (fem./plural) in the genitive: eines Freundes, einer Straße, meines Vaters, meiner Schwester, ihrer Kinder."
genitive,Prepositions,"wegen, trotz, während, (an)statt, innerhalb, außerhalb and aufgrund take the genitive: wegen des Wetters, trotz des Regens. In speech wegen and trotz are often used with the dative, but the genitive is the written standard."
genitive,Noun ending,"In the genitive, masculine and neuter nouns add -s (des Autos, des Himmels). After s, ß, x or z they add -es (des Hauses, des Kurses); with most one-syllable nouns -es is usual, but -s is also correct (des Kindes/Kinds, des Buches/Buchs). n-nouns add -(e)n instead: des Nachbarn, des Studenten. Feminine nouns and plurals don't change."
comparison,Comparative,"Comparative = adjective + -er, often with an umlaut on a, o, u: klein → kleiner, groß → größer, jung → jünger. Adjectives in -el drop the e (dunkel → dunkler), and so do those in -auer and -euer (teuer → teurer, sauer → saurer); other adjectives in -er keep it (sicher → sicherer)."
comparison,Superlative,"Superlative after a verb: am + adjective + -sten (am schnellsten). Before a noun it takes an adjective ending: der schnellste Zug. After d, t, s, ß, z add -esten: am kältesten, am heißesten."
comparison,als / wie,"Compare with als after a comparative (größer als), and with so … wie when things are equal (so groß wie). genauso … wie = just as … as."
comparison,Irregular,"Irregular forms: gut – besser – am besten, viel – mehr – am meisten, gern – lieber – am liebsten, hoch – höher – am höchsten, nah – näher – am nächsten, groß – größer – am größten."
wordOrder,weil / dass / ob,"After weil, dass and ob the conjugated verb goes to the end of the clause: …, weil ich krank bin. With a modal verb or in the Perfekt, the conjugated verb comes last: …, weil ich arbeiten muss / …, weil er viel gearbeitet hat."
wordOrder,wenn / als / obwohl,"wenn (if; when or whenever in the present or future), als (when – one event in the past) and obwohl (although) send the verb to the end. When the subordinate clause comes first, the main clause starts with its verb: Wenn es regnet, bleiben wir zu Hause."
wordOrder,Indirect questions,"In an indirect question (Ich weiß nicht, wo …) the question word works like a conjunction and the verb goes to the end: Ich weiß nicht, wo er wohnt."
wordOrder,Verb second,"In a main clause the conjugated verb is always in second position. When something else comes first (a time, a place, leider …), the subject moves behind the verb: Morgen fahre ich nach Berlin."
wordOrder,Modal + infinitive,The modal verb takes second position and the infinitive goes to the end: Ich kann Deutsch sprechen. In a yes/no question the modal comes first: Kannst du mir helfen?
wordOrder,Perfekt: participle at the end,haben or sein stands in second position and the participle at the end: Ich habe ein Buch gekauft. In a question haben/sein comes first: Hast du den Film gesehen?
relativePronouns,Nominative,"Relative pronouns look like the definite article: der, die, das, die (plural). The pronoun takes gender and number from the noun before the comma, and its case from its job in the relative clause. As the subject: der Mann, der dort wohnt. The verb goes to the end of the relative clause."
relativePronouns,Accusative,"As the direct object the pronoun is den (masc.), die (fem.), das (neut.), die (plural): der Mann, den ich getroffen habe."
relativePronouns,Dative,"After dative verbs (helfen, danken, gehören, gefallen, antworten, vertrauen, gratulieren, glauben) the pronoun is dem, der, dem – and denen in the plural (not den!): die Freunde, denen wir gratuliert haben."
relativePronouns,Genitive,"Whose = dessen (masculine and neuter) or deren (feminine and plural): der Mann, dessen Auto rot ist; die Frau, deren Sohn studiert. No article follows dessen/deren."
relativePronouns,With preposition,"The preposition comes first and decides the case: der Mann, mit dem ich arbeite (mit + dative); die Frau, auf die ich warte (warten auf + accusative)."
konjunktiv,würde + infinitive,"Konjunktiv II for most verbs = würde + infinitive: ich würde, du würdest, er würde, wir würden, ihr würdet, sie würden. It expresses what is unreal, imagined or polite."
konjunktiv,hätte / wäre,"haben and sein have their own forms: hätte, hättest, hätte, hätten, hättet, hätten / wäre, wär(e)st, wäre, wären, wär(e)t, wären. In a wenn-clause the verb goes to the end: Wenn ich Zeit hätte, …"
konjunktiv,Modal verbs,"Modal verbs: könnte, müsste, dürfte, sollte, wollte – the Präteritum with an umlaut (sollte and wollte have none). Also möchte (from mögen). dürfte also means probably."
konjunktiv,Polite requests,"könnte, würde, hätte and wäre make requests polite: Könnten Sie mir helfen? Ich hätte gern einen Kaffee. Würden Sie bitte …? Wäre es möglich …?"
konjunktiv,Wishes,"Wishes use wenn … nur or Ich wünschte + Konjunktiv II: Wenn ich nur mehr Zeit hätte! Ich wünschte, ich könnte fliegen. Most other verbs use würde + infinitive: Wenn er nur kommen würde! (also: Wenn er nur käme!)"
passive,Present,"Passive present = werden (werde, wirst, wird, werden, werdet, werden) + past participle at the end: Das Haus wird gebaut. Who does it is left out, or added with von: von den Arbeitern."
passive,Präteritum,"Passive past = wurde (wurde, wurdest, wurde, wurden, wurdet, wurden) + participle: Das Haus wurde 1990 gebaut."
passive,Perfekt,"Passive Perfekt = sein + participle + worden: Das Haus ist gebaut worden. Note: worden, not geworden."
passive,With modal verbs,With a modal verb: modal in second position + participle + werden at the end: Das Auto muss repariert werden.
passive,Participle,"The participle is the same one as in the Perfekt: gebaut, geschrieben, repariert. Verbs in -ieren and with be-, ver-, er-, zer- have no ge-."
verbPrepositions,Preposition,"Many verbs come with a fixed preposition that decides the case: warten auf + Akk., träumen von + Dat. Learn the verb together with its preposition and case. After these verbs auf and über almost always take the accusative, and an and in usually do – but teilnehmen an, zweifeln an and leiden an take the dative. vor and unter take the dative: Angst haben vor, leiden unter."
verbPrepositions,da-words,"For a thing (not a person), preposition + it = da(r) + preposition: darauf, darüber, daran, davon, dafür, damit, danach, darum, dazu, davor. The r is added when the preposition starts with a vowel. For people use the pronoun: auf ihn, an sie."
verbPrepositions,wo-words,To ask about a thing: wo(r) + preposition: Worauf wartest du? Worüber sprecht ihr? Womit? Wovon? For people use the preposition + wen/wem: Auf wen wartest du?
