english,german,type
through,durch,accusative
for,für,accusative
against,gegen,accusative
without,ohne,accusative
around; at (time),um,accusative
until; up to,bis,accusative
along (after the noun),entlang,accusative
from; out of,aus,dative
at; near; with,bei,dative
with,mit,dative
after; to (cities and countries),nach,dative
since; for (time),seit,dative
from; of; by,von,dative
to; at,zu,dative
except for,außer,dative
opposite; across from,gegenüber,dative
on (vertical); at,an,two-way
on (horizontal),auf,two-way
behind,hinter,two-way
in; into,in,two-way
next to,neben,two-way
over; above,über,two-way
under; among,unter,two-way
in front of; before,vor,two-way
between,zwischen,two-way
