id,case,level,english,german,answer,note
PP0001,Always Accusative,A2,The train goes through the tunnel,Der Zug fährt [ ] den Tunnel,durch,
PP0002,Always Accusative,A2,She runs through the forest,Sie rennt [ ] den Wald,durch,
PP0003,Always Accusative,A2,The sun shines through the window,Die Sonne scheint [ ] das Fenster,durch,
PP0004,Always Accusative,A2,We walk through the park,Wir gehen [ ] den Park,durch,
PP0005,Always Accusative,A2,The river flows through the city,Der Fluss fließt [ ] die Stadt,durch,
PP0006,Always Accusative,A2,He looks through the keyhole,Er schaut [ ] das Schlüsselloch,durch,
PP0007,Always Accusative,A2,The ball rolls through the door,Der Ball rollt [ ] die Tür,durch,
PP0008,Always Accusative,A2,She travels through Europe,Sie reist [ ] Europa,durch,
PP0009,Always Accusative,A2,They drive through the village,Sie fahren [ ] das Dorf,durch,
PP0010,Always Accusative,A1,She buys a gift for her friend,Sie kauft ein Geschenk [ ] ihre Freundin,für,
PP0011,Always Accusative,A1,This letter is for the teacher,Dieser Brief ist [ ] den Lehrer,für,
PP0012,Always Accusative,A1,We cook dinner for our parents,Wir kochen Abendessen [ ] unsere Eltern,für,
PP0013,Always Accusative,A1,He sings a song for the audience,Er singt ein Lied [ ] das Publikum,für,
PP0014,Always Accusative,A1,The flowers are for his wife,Die Blumen sind [ ] seine Frau,für,
PP0015,Always Accusative,A1,They are voting for the proposal,Sie stimmen [ ] den Vorschlag,für,
PP0016,Always Accusative,A1,I have a present for you,Ich habe ein Geschenk [ ] dich,für,
PP0017,Always Accusative,A1,Thank you for the flowers,Danke [ ] die Blumen,für,
PP0018,Always Accusative,A1,I need a ticket for the train,Ich brauche eine Fahrkarte [ ] den Zug,für,
PP0019,Always Accusative,A2,They are protesting against the new law,Sie protestieren [ ] das neue Gesetz,gegen,
PP0020,Always Accusative,A2,The team plays against their rivals,Die Mannschaft spielt [ ] ihre Rivalen,gegen,
PP0021,Always Accusative,A2,She argues against the proposal,Sie argumentiert [ ] den Vorschlag,gegen,
PP0022,Always Accusative,A2,The car crashes into the tree,Das Auto prallt [ ] den Baum,gegen,
PP0023,Always Accusative,A2,We fight against injustice,Wir kämpfen [ ] die Ungerechtigkeit,gegen,
PP0024,Always Accusative,A2,They vote against the decision,Sie stimmen [ ] die Entscheidung,gegen,
PP0025,Always Accusative,A2,She is swimming against the current,Sie schwimmt [ ] die Strömung,gegen,
PP0026,Always Accusative,A2,I have nothing against your friend,Ich habe nichts [ ] deinen Freund,gegen,
PP0027,Always Accusative,A1,He leaves the house without his keys,Er verlässt das Haus [ ] seine Schlüssel,ohne,
PP0028,Always Accusative,A1,She goes to the party without an invitation,Sie geht zur Party [ ] eine Einladung,ohne,
PP0029,Always Accusative,A1,They travel without a map,Sie reisen [ ] eine Karte,ohne,
PP0030,Always Accusative,A1,He completes the task without help,Er erledigt die Aufgabe [ ] Hilfe,ohne,
PP0031,Always Accusative,A1,She drinks tea without sugar,Sie trinkt Tee [ ] Zucker,ohne,
PP0032,Always Accusative,A1,The children play without supervision,Die Kinder spielen [ ] Aufsicht,ohne,
PP0033,Always Accusative,A1,We walk in the rain without an umbrella,Wir gehen im Regen [ ] einen Regenschirm,ohne,
PP0034,Always Accusative,A1,He solves the puzzle without any hints,Er löst das Rätsel [ ] Hinweise,ohne,
PP0035,Always Accusative,A1,She works without a break,Sie arbeitet [ ] eine Pause,ohne,
PP0036,Always Accusative,A1,They live without electricity for a week,Sie leben eine Woche lang [ ] Strom,ohne,
PP0037,Always Accusative,A2,The project will be finished by next week,Das Projekt wird [ ] nächste Woche abgeschlossen,bis,
PP0038,Always Accusative,A2,The shop is open until midnight,Das Geschäft ist [ ] Mitternacht geöffnet,bis,
PP0039,Always Accusative,A2,He has to finish the work by tomorrow,Er muss die Arbeit [ ] morgen beenden,bis,
PP0040,Always Accusative,A2,We are staying here until Saturday,Wir bleiben hier [ ] Samstag,bis,
PP0041,Always Accusative,A2,The meeting lasts until noon,Das Meeting dauert [ ] Mittag,bis,
PP0042,Always Accusative,A2,The offer is valid until the end of the month,Das Angebot gilt [ ] Ende des Monats,bis,
PP0043,Always Accusative,A2,The film is showing until Friday,Der Film wird [ ] Freitag gezeigt,bis,
PP0044,Always Accusative,A2,We walk around the lake,Wir laufen [ ] den See,um,
PP0045,Always Accusative,A2,The earth turns around the sun,Die Erde dreht sich [ ] die Sonne,um,
PP0046,Always Accusative,A2,She ties a scarf around her neck,Sie bindet sich einen Schal [ ] den Hals,um,
PP0047,Always Accusative,A2,The meeting starts at 9 o'clock,Das Treffen beginnt [ ] 9 Uhr,um,
PP0048,Always Accusative,A2,She takes care of her dog,Sie kümmert sich [ ] ihren Hund,um,
PP0049,Always Accusative,A2,She asks for help,Sie bittet [ ] Hilfe,um,
PP0050,Always Accusative,A2,We are building a fence around the garden,Wir bauen einen Zaun [ ] den Garten,um,
PP0051,Always Accusative,A2,They sit around the table,Sie sitzen [ ] den Tisch,um,
PP0052,Always Accusative,A2,The birds fly around the tower,Die Vögel fliegen [ ] den Turm,um,
PP0053,Always Accusative,A2,She puts her arm around her friend,Sie legt den Arm [ ] ihre Freundin,um,
PP0054,Always Accusative,A2,We walk along the river,Wir gehen den Fluss [ ],entlang,
PP0055,Always Accusative,A2,She runs along the beach,Sie rennt den Strand [ ],entlang,
PP0056,Always Accusative,A2,They cycle along the road,Sie radeln die Straße [ ],entlang,
PP0057,Always Accusative,A2,The boat sails along the coast,Das Boot segelt die Küste [ ],entlang,
PP0058,Always Accusative,A2,She walks along the corridor,Sie geht den Flur [ ],entlang,
PP0059,Always Dative,A1,She is staying at her grandmother's,Sie bleibt [ ] ihrer Großmutter,bei,
PP0060,Always Dative,A1,He works for a large company,Er arbeitet [ ] einer großen Firma,bei|in,
PP0061,Always Dative,A1,He lives at his parents',Er wohnt [ ] seinen Eltern,bei,
PP0062,Always Dative,A1,We are having lunch at my aunt's,Wir essen [ ] meiner Tante zu Mittag,bei,
PP0063,Always Dative,A1,She is staying the night at her best friend's,Sie übernachtet [ ] ihrer besten Freundin,bei,
PP0064,Always Dative,A1,Can you help me with my homework?,Kannst du mir [ ] meinen Hausaufgaben helfen?,bei,
PP0065,Always Dative,A1,The dog stays with its owner,Der Hund bleibt [ ] seinem Besitzer,bei,
PP0066,Always Dative,A1,We celebrate Christmas at our grandparents',Wir feiern Weihnachten [ ] unseren Großeltern,bei,
PP0067,Always Dative,A1,She comes from a small village,Sie kommt [ ] einem kleinen Dorf,aus,
PP0068,Always Dative,A1,He takes the book out of the bag,Er nimmt das Buch [ ] der Tasche,aus,
PP0069,Always Dative,A1,We drink water from the bottle,Wir trinken Wasser [ ] der Flasche,aus,
PP0070,Always Dative,A1,The children run out of the house,Die Kinder rennen [ ] dem Haus,aus,
PP0071,Always Dative,A1,Smoke comes out of the chimney,Rauch kommt [ ] dem Schornstein,aus,
PP0072,Always Dative,A1,She gets out of the car,Sie steigt [ ] dem Auto aus,aus,
PP0073,Always Dative,A1,The cat jumps out of the box,Die Katze springt [ ] der Kiste,aus,
PP0074,Always Dative,A1,The noise comes from the other room,Das Geräusch kommt [ ] dem anderen Zimmer,aus,
PP0075,Always Dative,A1,They are moving out of the flat,Sie ziehen [ ] der Wohnung aus,aus,
PP0076,Always Dative,A1,The table is made of wood,Der Tisch ist [ ] Holz,aus,
PP0077,Always Dative,A1,She is talking with her friend,Sie spricht [ ] ihrer Freundin,mit,
PP0078,Always Dative,A1,He travels with his family,Er reist [ ] seiner Familie,mit,
PP0079,Always Dative,A1,They play football with their classmates,Sie spielen Fußball [ ] ihren Klassenkameraden,mit,
PP0080,Always Dative,A1,We are going to the concert with our neighbours,Wir gehen [ ] unseren Nachbarn ins Konzert,mit,
PP0081,Always Dative,A1,She paints the picture with bright colours,Sie malt das Bild [ ] leuchtenden Farben,mit,
PP0082,Always Dative,A1,He fixes the bike with his tools,Er repariert das Fahrrad [ ] seinem Werkzeug,mit,
PP0083,Always Dative,A1,He signs the document with a pen,Er unterschreibt das Dokument [ ] einem Stift,mit,
PP0084,Always Dative,A1,I go to work by bus,Ich fahre [ ] dem Bus zur Arbeit,mit,
PP0085,Always Dative,A1,We are travelling to Germany,Wir reisen [ ] Deutschland,nach,
PP0086,Always Dative,A1,They are going to Italy on holiday,Sie fahren [ ] Italien in den Urlaub,nach,
PP0087,Always Dative,A1,He goes home at five,Er geht um fünf [ ] Hause,nach,
PP0088,Always Dative,A1,The plane flies to Spain,Das Flugzeug fliegt [ ] Spanien,nach,
PP0089,Always Dative,A1,We are going out to eat after the film,Wir gehen [ ] dem Film essen,nach,
PP0090,Always Dative,A1,I go shopping after work,Ich gehe [ ] der Arbeit einkaufen,nach,
PP0091,Always Dative,A1,He is named after his grandfather,Er ist [ ] seinem Großvater benannt,nach,
PP0092,Always Dative,A1,She asks for directions,Sie fragt [ ] dem Weg,nach,
PP0093,Always Dative,A1,It smells of coffee,Es riecht [ ] Kaffee,nach,
PP0094,Always Dative,A2,She has lived here since 2010,Sie lebt hier [ ] 2010,seit,
PP0095,Always Dative,A2,He has been working at the company for five years,Er arbeitet [ ] fünf Jahren bei der Firma,seit,
PP0096,Always Dative,A2,They have been friends since their childhood,Sie sind [ ] ihrer Kindheit Freunde,seit,
PP0097,Always Dative,A2,We haven't seen each other since last summer,Wir haben uns [ ] letztem Sommer nicht gesehen,seit,
PP0098,Always Dative,A2,She has been learning German for two months,Sie lernt [ ] zwei Monaten Deutsch,seit,
PP0099,Always Dative,A2,He hasn't spoken to her since the argument,Er hat [ ] dem Streit nicht mit ihr gesprochen,seit,
PP0100,Always Dative,A2,They have been playing football for an hour,Sie spielen [ ] einer Stunde Fußball,seit,
PP0101,Always Dative,A2,The shop has been open since 9 a.m.,Das Geschäft ist [ ] 9 Uhr geöffnet,seit,
PP0102,Always Dative,A2,He has been driving for three hours,Er fährt [ ] drei Stunden Auto,seit,
PP0103,Always Dative,A1,She receives a letter from her friend,Sie bekommt einen Brief [ ] ihrer Freundin,von,
PP0104,Always Dative,A1,The email is from my boss (female),Die E-Mail ist [ ] meiner Chefin,von,
PP0105,Always Dative,A1,The painting is by a famous artist,Das Gemälde ist [ ] einem berühmten Künstler,von,
PP0106,Always Dative,A1,She borrows money from her brother,Sie leiht sich Geld [ ] ihrem Bruder,von|bei,
PP0107,Always Dative,A1,The present is from his parents,Das Geschenk ist [ ] seinen Eltern,von,
PP0108,Always Dative,A1,The song is by that popular band,Das Lied ist [ ] dieser beliebten Band,von,
PP0109,Always Dative,A1,That is very nice of you,Das ist sehr nett [ ] dir,von,
PP0110,Always Dative,A1,The train goes from Berlin to Munich,Der Zug fährt [ ] Berlin nach München,von,
PP0111,Always Dative,A1,She is dreaming of a long holiday,Sie träumt [ ] einem langen Urlaub,von,
PP0112,Always Dative,A1,She is going to her doctor,Sie geht [ ] ihrer Ärztin,zu,
PP0113,Always Dative,A1,He invites her to his party,Er lädt sie [ ] seiner Party ein,zu,
PP0114,Always Dative,A1,The children are going to their grandma's,Die Kinder gehen [ ] ihrer Oma,zu,
PP0115,Always Dative,A1,He is driving to his girlfriend's,Er fährt [ ] seiner Freundin,zu,
PP0116,Always Dative,A1,We congratulate you on your birthday,Wir gratulieren dir [ ] deinem Geburtstag,zu,
PP0117,Always Dative,A1,Come to me!,Komm [ ] mir!,zu,
PP0118,Always Dative,A1,I am going to my parents' this weekend,Ich fahre am Wochenende [ ] meinen Eltern,zu,
PP0119,Always Dative,A2,Everyone is here except her,Alle sind hier [ ] ihr,außer,
PP0120,Always Dative,A2,The room was empty except for a chair,Der Raum war leer [ ] einem Stuhl,außer,
PP0121,Always Dative,A2,They invited everyone except him,Sie haben alle [ ] ihm eingeladen,außer,
PP0122,Always Dative,A2,She speaks no language except German,Sie spricht keine Sprache [ ] Deutsch,außer,
PP0123,Always Dative,A2,Nobody was at home except the dog,Niemand war zu Hause [ ] dem Hund,außer,
PP0124,Always Dative,A2,He likes all sports except football,Er mag alle Sportarten [ ] Fußball,außer,
PP0125,Always Dative,A2,You couldn't hear anything except the wind,Man hörte nichts [ ] dem Wind,außer,
PP0126,Always Dative,A2,The bakery is opposite the station,Die Bäckerei ist [ ] dem Bahnhof,gegenüber,
PP0127,Always Dative,A2,He is sitting opposite his wife,Er sitzt seiner Frau [ ],gegenüber,
PP0128,Always Dative,A2,Our school is opposite a park,Unsere Schule liegt [ ] einem Park,gegenüber,
PP0129,Accusative when Moving,A2,She leans the bike against the wall,Sie lehnt das Fahrrad [ ] die Wand,an|gegen,
PP0130,Accusative when Moving,A2,He hangs the picture on the wall,Er hängt das Bild [ ] die Wand,an,
PP0131,Accusative when Moving,A2,She pushes her chair up to the table,Sie schiebt ihren Stuhl [ ] den Tisch,an,
PP0132,Accusative when Moving,A2,She writes the word on the board,Sie schreibt das Wort [ ] die Tafel,an,
PP0133,Accusative when Moving,A2,We are going to the Baltic Sea,Wir fahren [ ] die Ostsee,an,
PP0134,Accusative when Moving,A2,He sits down at the table,Er setzt sich [ ] den Tisch,an,
PP0135,Accusative when Moving,A2,She hangs her coat on the hook,Sie hängt ihren Mantel [ ] den Haken,an,
PP0136,Dative when Stationary,A2,The clock is hanging on the wall,Die Uhr hängt [ ] der Wand,an,
PP0137,Dative when Stationary,A2,She waited at the bus stop,Sie wartete [ ] der Bushaltestelle,an,
PP0138,Dative when Stationary,A2,The poster is hanging on the door,Das Poster hängt [ ] der Tür,an,
PP0139,Dative when Stationary,A2,We were at the Baltic Sea,Wir waren [ ] der Ostsee,an,
PP0140,Dative when Stationary,A2,He is standing at the board,Er steht [ ] der Tafel,an,
PP0141,Dative when Stationary,A2,The pupil is sitting at her desk,Die Schülerin sitzt [ ] ihrem Schreibtisch,an,
PP0142,Dative when Stationary,A2,The family is sitting at a big table,Die Familie sitzt [ ] einem großen Tisch,an,
PP0143,Accusative when Moving,A2,He puts the book on the table,Er legt das Buch [ ] den Tisch,auf,
PP0144,Accusative when Moving,A2,She jumps onto the chair,Sie springt [ ] den Stuhl,auf,
PP0145,Accusative when Moving,A2,The waiter puts the glass on the counter,Der Kellner stellt das Glas [ ] die Theke,auf,
PP0146,Accusative when Moving,A2,The cat jumps onto the table,Die Katze springt [ ] den Tisch,auf,
PP0147,Accusative when Moving,A2,They climb up the mountain,Sie steigen [ ] den Berg,auf,
PP0148,Accusative when Moving,A2,The children go to the playground,Die Kinder gehen [ ] den Spielplatz,auf,
PP0149,Accusative when Moving,A2,He puts the bag on the floor,Er stellt die Tasche [ ] den Boden,auf,
PP0150,Dative when Stationary,A2,The book is lying on the table,Das Buch liegt [ ] dem Tisch,auf,
PP0151,Dative when Stationary,A2,The glass is on the counter,Das Glas steht [ ] der Theke,auf,
PP0152,Dative when Stationary,A2,The phone is lying on the desk,Das Handy liegt [ ] dem Schreibtisch,auf,
PP0153,Dative when Stationary,A2,The cat is sleeping on the sofa,Die Katze schläft [ ] dem Sofa,auf,
PP0154,Dative when Stationary,A2,The children are playing at the playground,Die Kinder spielen [ ] dem Spielplatz,auf,
PP0155,Dative when Stationary,A2,We live in the countryside,Wir wohnen [ ] dem Land,auf,
PP0156,Dative when Stationary,A2,I am waiting in the car park,Ich warte [ ] dem Parkplatz,auf,
PP0157,Accusative when Moving,A2,He drove the car behind the garage,Er fuhr das Auto [ ] die Garage,hinter,
PP0158,Accusative when Moving,A2,She went behind the door,Sie ging [ ] die Tür,hinter,
PP0159,Accusative when Moving,A2,The child ran behind the tree,Das Kind rannte [ ] den Baum,hinter,
PP0160,Accusative when Moving,A2,They put the bench behind the building,Sie stellten die Bank [ ] das Gebäude,hinter,
PP0161,Accusative when Moving,A2,The dog jumped behind the sofa,Der Hund sprang [ ] das Sofa,hinter,
PP0162,Dative when Stationary,A2,The car is parked behind the garage,Das Auto steht [ ] der Garage,hinter,
PP0163,Dative when Stationary,A2,She stood behind the door,Sie stand [ ] der Tür,hinter,
PP0164,Dative when Stationary,A2,The child hid behind the tree,Das Kind versteckte sich [ ] dem Baum,hinter,
PP0165,Dative when Stationary,A2,The bench is behind the building,Die Bank ist [ ] dem Gebäude,hinter,
PP0166,Dative when Stationary,A2,The dog is sleeping behind the sofa,Der Hund schläft [ ] dem Sofa,hinter,
PP0167,Accusative when Moving,A2,He put the lamp next to the bed,Er stellte die Lampe [ ] das Bett,neben,
PP0168,Accusative when Moving,A2,She went and stood next to her friend,Sie stellte sich [ ] ihre Freundin,neben,
PP0169,Accusative when Moving,A2,The bag was put next to the chair,Die Tasche wurde [ ] den Stuhl gestellt,neben,
PP0170,Accusative when Moving,A2,The dog lay down next to the sofa,Der Hund legte sich [ ] das Sofa,neben,
PP0171,Accusative when Moving,A2,He put the chair next to the table,Er stellte den Stuhl [ ] den Tisch,neben,
PP0172,Accusative when Moving,A2,She put the vase next to the lamp,Sie stellte die Vase [ ] die Lampe,neben,
PP0173,Accusative when Moving,A2,The bike was put next to the bench,Das Fahrrad wurde [ ] die Bank gestellt,neben,
PP0174,Dative when Stationary,A2,The lamp is next to the bed,Die Lampe steht [ ] dem Bett,neben,
PP0175,Dative when Stationary,A2,She stood next to her friend,Sie stand [ ] ihrer Freundin,neben,
PP0176,Dative when Stationary,A2,The bag is next to the chair,Die Tasche steht [ ] dem Stuhl,neben,
PP0177,Dative when Stationary,A2,The park is next to the school,Der Park ist [ ] der Schule,neben,
PP0178,Dative when Stationary,A2,The dog is sleeping next to the heater,Der Hund schläft [ ] der Heizung,neben,
PP0179,Dative when Stationary,A2,The vase is next to the lamp,Die Vase steht [ ] der Lampe,neben,
PP0180,Dative when Stationary,A2,The dog is lying next to the car,Der Hund liegt [ ] dem Auto,neben,
PP0181,Dative when Stationary,A2,The house is next to the park,Das Haus ist [ ] dem Park,neben,
PP0182,Accusative when Moving,A2,The plane flies over the city,Das Flugzeug fliegt [ ] die Stadt,über,
PP0183,Accusative when Moving,A2,She hangs the picture over the fireplace,Sie hängt das Bild [ ] den Kamin,über,
PP0184,Accusative when Moving,A2,The cat jumps over the wall,Die Katze springt [ ] die Mauer,über,
PP0185,Accusative when Moving,A2,The clouds move over the mountains,Die Wolken ziehen [ ] die Berge,über,
PP0186,Accusative when Moving,A2,He hangs the lamp over the table,Er hängt die Lampe [ ] den Tisch,über,
PP0187,Accusative when Moving,A2,We walk across the street,Wir gehen [ ] die Straße,über,
PP0188,Dative when Stationary,A2,The plane is circling above the city,Das Flugzeug kreist [ ] der Stadt,über,
PP0189,Dative when Stationary,A2,The picture hangs over the fireplace,Das Bild hängt [ ] dem Kamin,über,
PP0190,Dative when Stationary,A2,Our flat is above a café,Unsere Wohnung liegt [ ] einem Café,über,
PP0191,Dative when Stationary,A2,The clouds hang above the mountains,Die Wolken hängen [ ] den Bergen,über,
PP0192,Dative when Stationary,A2,The lamp is hanging over the table,Die Lampe hängt [ ] dem Tisch,über,
PP0193,Accusative when Moving,A2,He puts the shoes under the bed,Er stellt die Schuhe [ ] das Bett,unter,
PP0194,Accusative when Moving,A2,The dog runs under the table,Der Hund läuft [ ] den Tisch,unter,
PP0195,Accusative when Moving,A2,She puts the book under the chair,Sie legt das Buch [ ] den Stuhl,unter,
PP0196,Accusative when Moving,A2,The cat crawls under the blanket,Die Katze kriecht [ ] die Decke,unter,
PP0197,Accusative when Moving,A2,We go and stand under the bridge,Wir stellen uns [ ] die Brücke,unter,
PP0198,Dative when Stationary,A2,The shoes are under the bed,Die Schuhe stehen [ ] dem Bett,unter,
PP0199,Dative when Stationary,A2,The dog is lying under the table,Der Hund liegt [ ] dem Tisch,unter,
PP0200,Dative when Stationary,A2,The book is under the chair,Das Buch liegt [ ] dem Stuhl,unter,
PP0201,Dative when Stationary,A2,The cat is hiding under the blanket,Die Katze versteckt sich [ ] der Decke,unter,
PP0202,Dative when Stationary,A2,The man sleeps under the bridge,Der Mann schläft [ ] der Brücke,unter,
PP0203,Accusative when Moving,A2,He drove the car in front of the house,Er fuhr das Auto [ ] das Haus,vor,
PP0204,Accusative when Moving,A2,She went and stood in front of the mirror,Sie stellte sich [ ] den Spiegel,vor,
PP0205,Accusative when Moving,A2,The cat jumped in front of the door,Die Katze sprang [ ] die Tür,vor,
PP0206,Accusative when Moving,A2,They put the bench in front of the tree,Sie stellten die Bank [ ] den Baum,vor,
PP0207,Accusative when Moving,A2,The child ran out in front of the car,Das Kind lief [ ] das Auto,vor,
PP0208,Dative when Stationary,A2,The car is parked in front of the house,Das Auto steht [ ] dem Haus,vor,
PP0209,Dative when Stationary,A2,She stood in front of the mirror,Sie stand [ ] dem Spiegel,vor,
PP0210,Dative when Stationary,A2,The cat is sitting in front of the door,Die Katze sitzt [ ] der Tür,vor,
PP0211,Dative when Stationary,A2,The bench is in front of the tree,Die Bank ist [ ] dem Baum,vor,
PP0212,Dative when Stationary,A2,The children are waiting in front of the school,Die Kinder warten [ ] der Schule,vor,
PP0213,Accusative when Moving,A2,He puts the box between the chairs,Er stellt die Kiste [ ] die Stühle,zwischen,
PP0214,Accusative when Moving,A2,They park the car between the buildings,Sie stellen das Auto [ ] die Gebäude,zwischen,
PP0215,Accusative when Moving,A2,She sits down between her parents,Sie setzt sich [ ] ihre Eltern,zwischen,
PP0216,Accusative when Moving,A2,He puts the letter between the books,Er legt den Brief [ ] die Bücher,zwischen,
PP0217,Dative when Stationary,A2,The box is between the chairs,Die Kiste steht [ ] den Stühlen,zwischen,
PP0218,Dative when Stationary,A2,She is standing between the trees,Sie steht [ ] den Bäumen,zwischen,
PP0219,Dative when Stationary,A2,The car is parked between the buildings,Das Auto steht [ ] den Gebäuden,zwischen,
PP0220,Dative when Stationary,A2,She is sitting between her parents,Sie sitzt [ ] ihren Eltern,zwischen,
PP0221,Dative when Stationary,A2,The letter is between the books,Der Brief liegt [ ] den Büchern,zwischen,
PP0222,Accusative when Moving,A2,He puts the books in the bag,Er legt die Bücher [ ] die Tasche,in,
PP0223,Accusative when Moving,A2,She goes into the kitchen,Sie geht [ ] die Küche,in,
PP0224,Accusative when Moving,A2,The car drives into the garage,Das Auto fährt [ ] die Garage,in,
PP0225,Accusative when Moving,A2,The children run into the garden,Die Kinder rennen [ ] den Garten,in,
PP0226,Accusative when Moving,A2,He puts the groceries in the fridge,Er stellt die Lebensmittel [ ] den Kühlschrank,in,
PP0227,Accusative when Moving,A2,They are moving into a new flat,Sie ziehen [ ] eine neue Wohnung,in,
PP0228,Accusative when Moving,A2,She gets into the lift,Sie steigt [ ] den Aufzug,in,
PP0229,Accusative when Moving,A2,He throws the ball into the box,Er wirft den Ball [ ] die Kiste,in,
PP0230,Accusative when Moving,A2,The dog jumps into the lake,Der Hund springt [ ] den See,in,
PP0231,Accusative when Moving,A2,We are going into town,Wir gehen [ ] die Stadt,in,
PP0232,Dative when Stationary,A2,The book is in the bag,Das Buch ist [ ] der Tasche,in,
PP0233,Dative when Stationary,A2,She is sitting in her car,Sie sitzt [ ] ihrem Auto,in,
PP0234,Dative when Stationary,A2,The child is playing in his room,Das Kind spielt [ ] seinem Zimmer,in,
PP0235,Dative when Stationary,A2,The keys are in the drawer,Die Schlüssel sind [ ] der Schublade,in,
PP0236,Dative when Stationary,A2,The dog is lying in our garden,Der Hund liegt [ ] unserem Garten,in,
PP0237,Dative when Stationary,A2,The cat is hiding in the box,Die Katze versteckt sich [ ] der Kiste,in,
PP0238,Dative when Stationary,A2,The chair is in the corner,Der Stuhl steht [ ] der Ecke,in,
PP0239,Dative when Stationary,A2,We live in a small town,Wir wohnen [ ] einer kleinen Stadt,in,
PP0240,Dative when Stationary,A2,I work in a bakery,Ich arbeite [ ] einer Bäckerei,in|bei,
PP0241,Dative when Stationary,A2,The lamp is in our living room,Die Lampe steht [ ] unserem Wohnzimmer,in,
PP0242,Accusative when Moving,A2,I put the book on the table,Ich lege das Buch [ ] den Tisch,auf,
PP0243,Accusative when Moving,A2,He goes into the cellar,Er geht [ ] den Keller,in,
PP0244,Accusative when Moving,A2,He puts the bottle in the fridge,Er stellt die Flasche [ ] den Kühlschrank,in,
PP0245,Accusative when Moving,A2,The children run into the garden,Die Kinder laufen [ ] den Garten,in,
PP0246,Accusative when Moving,A2,I put the keys in my pocket,Ich stecke die Schlüssel [ ] die Tasche,in,
PP0247,Accusative when Moving,A2,We are driving into the mountains,Wir fahren [ ] die Berge,in,
PP0248,Accusative when Moving,A2,The cat jumps onto the sofa,Die Katze springt [ ] das Sofa,auf,
PP0249,Accusative when Moving,A2,I put the box under the table,Ich stelle die Kiste [ ] den Tisch,unter,
PP0250,Accusative when Moving,A2,She parks the car in front of the house,Sie stellt das Auto [ ] das Haus,vor,
PP0251,Accusative when Moving,A2,I put the lamp next to the bed,Ich stelle die Lampe [ ] das Bett,neben,
PP0252,Accusative when Moving,A2,He hangs the mirror between the windows,Er hängt den Spiegel [ ] die Fenster,zwischen,
PP0253,Accusative when Moving,A2,The dog runs behind the house,Der Hund läuft [ ] das Haus,hinter,
PP0254,Accusative when Moving,A2,We are going to the beach,Wir gehen [ ] den Strand,an,
PP0255,Accusative when Moving,A2,She puts the plate on the table,Sie stellt den Teller [ ] den Tisch,auf,
PP0256,Accusative when Moving,A2,I am putting the letter in the envelope,Ich stecke den Brief [ ] den Umschlag,in,
PP0257,Accusative when Moving,A2,They are driving to the lake,Sie fahren [ ] den See,an,
PP0258,Accusative when Moving,A2,He is climbing onto the roof,Er klettert [ ] das Dach,auf,
PP0259,Accusative when Moving,A2,Put the cup next to the plate,Stell die Tasse [ ] den Teller,neben,
PP0260,Accusative when Moving,A2,I am hanging the picture above the sofa,Ich hänge das Bild [ ] das Sofa,über,
PP0261,Accusative when Moving,A2,The child crawls under the table,Das Kind kriecht [ ] den Tisch,unter,
PP0262,Accusative when Moving,A2,We are walking into the forest,Wir gehen [ ] den Wald,in,
PP0263,Accusative when Moving,A2,He sits down between the children,Er setzt sich [ ] die Kinder,zwischen,
PP0264,Dative when Stationary,A2,She is in the kitchen,Sie ist [ ] der Küche,in,
PP0265,Dative when Stationary,A2,The bottle is in our fridge,Die Flasche steht [ ] unserem Kühlschrank,in,
PP0266,Dative when Stationary,A2,The children are playing in their garden,Die Kinder spielen [ ] ihrem Garten,in,
PP0267,Dative when Stationary,A2,The keys are in my pocket,Die Schlüssel sind [ ] meiner Tasche,in,
PP0268,Dative when Stationary,A2,We live in the mountains,Wir wohnen [ ] den Bergen,in,
PP0269,Dative when Stationary,A2,The dog is sleeping on the carpet,Der Hund schläft [ ] dem Teppich,auf,
PP0270,Dative when Stationary,A2,The box is under the table,Die Kiste steht [ ] dem Tisch,unter,
PP0271,Dative when Stationary,A2,The lamp is next to the sofa,Die Lampe steht [ ] dem Sofa,neben,
PP0272,Dative when Stationary,A2,The mirror hangs between the windows,Der Spiegel hängt [ ] den Fenstern,zwischen,
PP0273,Dative when Stationary,A2,The dog is behind the house,Der Hund ist [ ] dem Haus,hinter,
PP0274,Dative when Stationary,A2,The hotel is by a lake,Das Hotel liegt [ ] einem See,an,
PP0275,Dative when Stationary,A2,The plate is on the table,Der Teller steht [ ] dem Tisch,auf,
PP0276,Dative when Stationary,A2,The letter is in an envelope,Der Brief ist [ ] einem Umschlag,in,
PP0277,Dative when Stationary,A2,He is standing at the door,Er steht [ ] der Tür,an,
PP0278,Dative when Stationary,A2,The bird is sitting on the roof,Der Vogel sitzt [ ] dem Dach,auf,
PP0279,Dative when Stationary,A2,The cup is next to the plate,Die Tasse steht [ ] dem Teller,neben,
PP0280,Dative when Stationary,A2,The picture hangs above the sofa,Das Bild hängt [ ] dem Sofa,über,
PP0281,Dative when Stationary,A2,The child is sitting under the table,Das Kind sitzt [ ] dem Tisch,unter,
PP0282,Dative when Stationary,A2,We are going for a walk in the city,Wir gehen [ ] der Stadt spazieren,in,
PP0283,Dative when Stationary,A2,He is sitting between the children,Er sitzt [ ] den Kindern,zwischen,
PP0284,Always Accusative,A1,The present is for my mother,Das Geschenk ist [ ] meine Mutter,für,
PP0285,Always Accusative,A1,He drinks coffee without milk,Er trinkt Kaffee [ ] Milch,ohne,
PP0286,Always Accusative,A1,This is for you,Das ist [ ] dich,für,
PP0287,Always Accusative,A1,The film starts at eight o'clock,Der Film beginnt [ ] acht Uhr,um,
PP0288,Always Accusative,A1,We are meeting at nine o'clock,Wir treffen uns [ ] neun Uhr,um,
PP0289,Always Accusative,A1,She works for a big company,Sie arbeitet [ ] eine große Firma,für,
PP0290,Always Accusative,A1,I can't live without music,Ich kann nicht [ ] Musik leben,ohne,
PP0291,Always Accusative,A1,Thank you for the help,Danke [ ] die Hilfe,für,
PP0292,Always Accusative,A1,He is coming without his brother,Er kommt [ ] seinen Bruder,ohne,
PP0293,Always Accusative,A1,The lesson starts at ten o'clock,Der Unterricht beginnt [ ] zehn Uhr,um,
PP0294,Always Accusative,A1,I am going to school without a bag,Ich gehe [ ] Tasche zur Schule,ohne,
PP0295,Always Dative,A1,I am going home with my friend,Ich gehe [ ] meinem Freund nach Hause,mit,
PP0296,Always Dative,A1,She comes from Germany,Sie kommt [ ] Deutschland,aus,
PP0297,Always Dative,A1,We are going on foot,Wir gehen [ ] Fuß,zu,
PP0298,Always Dative,A1,After work I go home,[ ] der Arbeit gehe ich nach Hause,Nach,
PP0299,Always Dative,A1,The letter is from my aunt,Der Brief ist [ ] meiner Tante,von,
PP0300,Always Dative,A1,I have lived here for a year,Ich wohne [ ] einem Jahr hier,seit,
PP0301,Always Dative,A1,We are travelling by train,Wir fahren [ ] dem Zug,mit,
PP0302,Always Dative,A1,She is going to Berlin tomorrow,Sie fährt morgen [ ] Berlin,nach,
PP0303,Always Dative,A1,The children are at grandma's,Die Kinder sind [ ] Oma,bei,
PP0304,Always Dative,A1,He comes out of the house,Er kommt [ ] dem Haus,aus,
PP0305,Always Dative,A1,The book is from the library,Das Buch ist [ ] der Bibliothek,aus|von,
PP0306,Always Dative,A1,She has been learning German since May,Sie lernt [ ] Mai Deutsch,seit,
