id,english,level,german,note
QW0001,who,A1,wer,
QW0002,whom (dative / indirect object),A2,wem,
QW0003,whom (accusative / direct object),A2,wen,
QW0004,what,A1,was,
QW0005,where,A1,wo,
QW0006,where from,A1,woher,
QW0007,where to,A1,wohin,
QW0008,when,A1,wann,
QW0009,why,A1,warum|wieso|weshalb,
QW0010,how,A1,wie,
QW0011,how much,A1,wie viel,
QW0012,how many,A1,wie viele,
QW0013,which (masculine nominative),A2,welcher,
QW0014,which (masculine accusative),A2,welchen,
QW0015,which (feminine or plural nominative/accusative),A2,welche,
QW0016,which (neuter nominative/accusative),A2,welches,
QW0017,whose,A2,wessen,
