key,text,persons,comment
verbs.regular,"Present tense: stem + -e, -st, -t, -en, -t, -en: ich spiele, du spielst, er spielt, wir spielen, ihr spielt, sie spielen.",,
verbs.t-stem,"The stem ends in -t or -d, or is hard to say before -st and -t (öffn-), so an e goes in: du arbeitest, er arbeitet, ihr arbeitet.",du|er|ihr,
verbs.s-stem,"The stem ends in -s, -ß or -z, so du only adds -t: du heißt, du tanzt.",du,
verbs.a-ae,"a → ä in the du and er/sie/es forms: du fährst, er fährt. The other forms are regular.",du|er,
verbs.a-ae-s,"a → ä, and the stem ends in -s, so du only adds -t: du lässt, du wächst.",du,
verbs.a-ae-t,"a → ä, and then no extra e: du hältst, er hält – in the er form the stem's t is the ending.",du|er,
verbs.au-aeu,"au → äu in the du and er/sie/es forms: du läufst, er läuft.",du|er,
verbs.e-i,"e → i in the du and er/sie/es forms: du gibst, er gibt.",du|er,
verbs.e-i-s,"e → i, and the stem ends in -s, so du only adds -t: du isst, du vergisst.",du,
verbs.nehmen,"nehmen: e → i and hm → mm in the du and er/sie/es forms: du nimmst, er nimmt.",du|er,
verbs.e-ie,"e → ie in the du and er/sie/es forms: du siehst, er sieht.",du|er,
verbs.e-ie-s,"e → ie, and the stem ends in -s, so du only adds -t: du liest.",du,
verbs.eln.ich,Verbs in -eln usually drop the e in the ich form: ich sammle (ich sammele is also correct).,ich,
verbs.eln-ern.wir,"Verbs in -eln and -ern add only -n in the wir and sie forms: wir sammeln, wir wandern.",wir|sie,
verbs.backen,"backen: du backst, er backt – the older forms du bäckst, er bäckt are also correct.",du|er,
verbs.modal.sg,"Modal verbs: ich and er/sie/es have no ending, and most change their vowel in the singular: ich kann, du kannst, er kann.",ich|du|er,
verbs.modal.pl,"Modal verbs are regular in the plural: wir können, ihr könnt, sie können.",wir|ihr|sie,
verbs.sein,"sein is irregular in every form: ich bin, du bist, er ist, wir sind, ihr seid, sie sind.",,
verbs.haben,"haben drops the b in the du and er/sie/es forms: du hast, er hat.",du|er,
verbs.werden,"werden: du wirst, er wird – e → i, and irregular endings.",du|er,
verbs.wissen,"wissen: ich weiß, du weißt, er weiß in the singular; the plural is regular (wir wissen).",ich|du|er,
past.weak,Participle: ge- + stem + -t: machen → gemacht.,,
past.weak-et,"The stem ends in -t or -d, or is hard to say before -t (öffn-), so the participle ends in -et: arbeiten → gearbeitet.",,
past.strong.same,"Irregular verb: ge- + stem + -en, with the same vowel: fahren → gefahren, sehen → gesehen.",,
past.strong.change,"Irregular verb: ge- + -en, and the vowel changes: trinken → getrunken, gehen → gegangen.",,
past.mixed,"Mixed verb: the vowel changes, but it ends in -t like a regular verb: bringen → gebracht, denken → gedacht.",,
past.insep,"Verbs with an unstressed prefix (be-, ver-, er-, ent-, emp-, ge-, über-, unter-) have no ge-: besuchen → besucht, verstehen → verstanden.",,
past.ieren,Verbs in -ieren have no ge- and end in -t: studieren → studiert.,,
past.sep,Separable verbs put -ge- between the prefix and the verb: umziehen → umgezogen.,,
past.essen,"essen → gegessen: an extra g goes in after ge-, and the vowel stays the same.",,
past.gewesen,sein has an irregular participle: gewesen.,,
past.haben,"It takes haben, like most verbs.",,
past.sein.move,"It takes sein, because it's movement from one place to another.",,
past.sein.change,"It takes sein, because it's a change of state.",,
past.sein.stay,sein and bleiben always take sein.,,
past.regional,"It takes haben in northern Germany, and sein in the south, Austria and Switzerland.",,
cases.acc.masc,"Accusative, masculine: the article changes – der → den, ein → einen, mein → meinen.",,
cases.acc.fem-pl,"Accusative, feminine or plural: the same as the nominative – die, eine, meine.",,
cases.acc.neut,"Accusative, neuter: the same as the nominative – das, ein, mein.",,
cases.dat.em,"Dative, masculine or neuter: dem, einem, meinem.",,
cases.dat.er,"Dative, feminine: der, einer, meiner.",,
cases.dat.pl,"Dative plural: den, meinen – and the noun adds -n unless it already ends in -n or -s (den Kindern).",,
cases.euer,"euer drops its second e when it gets an ending: eure, euren, eurem.",,
kein.nom.none,"Nominative, masculine or neuter: kein, with no ending (kein Hund, kein Auto).",,
kein.nom.e,"Nominative, feminine or plural: keine (keine Katze, keine Kinder).",,
kein.acc.en,"Accusative, masculine: keinen (Ich habe keinen Hund).",,
kein.acc.neut,"Accusative, neuter: kein – the same as the nominative (Ich habe kein Auto).",,
kein.acc.e,"Accusative, feminine or plural: keine – the same as the nominative.",,
kein.dat.em,"Dative, masculine or neuter: keinem.",,
kein.dat.er,"Dative, feminine: keiner.",,
kein.dat.pl,Dative plural: keinen – and the noun adds -n unless it already ends in -n or -s (keinen Kindern).,,
adj.def.nom.e,"After der, die, das in the nominative singular: -e (der alte Mann, die junge Frau).",,
adj.def.acc.e,"After die or das in the accusative singular: -e (die alte Stadt, das neue Auto).",,
adj.def.pl,After die in the plural: -en (die alten Häuser).,,
adj.def.acc.en,"After den (masculine accusative), and after die in the plural: -en (den alten Mann).",,
adj.dat,"In the dative, after an article, the adjective always ends in -en: dem alten Mann, einer jungen Frau.",,
adj.gen,"In the genitive, after an article, the adjective always ends in -en: des alten Mannes, einer jungen Frau.",,
adj.ein.er,"ein has no ending here, so the adjective shows the masculine: ein alter Mann.",,
adj.ein.es,"ein has no ending here, so the adjective shows the neuter: ein neues Auto.",,
adj.ein.e,"After eine, meine, keine (feminine): -e (eine alte Stadt).",,
adj.ein.acc.en,"After einen (masculine accusative), and in the plural after meine or keine: -en (einen alten Mann).",,
adj.none.nom.er,"No article: the adjective takes der's ending, -er, to show the masculine (kalter Kaffee).",,
adj.none.es,"No article: the adjective takes das's ending, -es, to show the neuter (frisches Brot).",,
adj.none.e,"No article: the adjective takes die's ending, -e, for feminine or plural (frische Milch, alte Freunde).",,
adj.none.acc.en,"No article, masculine accusative: the adjective takes den's ending, -en (heißen Kaffee).",,
adj.none.dat.em,"No article, dative masculine or neuter: -em, like dem (mit heißem Wasser).",,
adj.none.dat.er,"No article, dative feminine: -er, like der (mit frischer Milch).",,
adj.none.dat.en,"No article, dative plural: -en, like den (mit alten Freunden).",,
adj.none.gen.en,"No article, genitive masculine or neuter: -en, not -es (trotz schlechten Wetters).",,
adj.none.gen.er,"No article, genitive feminine or plural: -er, like der (trotz großer Kälte).",,
pron.ich,ich = I. The verb ends in -e: ich spiele.,,
pron.du,du = you (one person you know well). The verb ends in -st: du spielst.,,
pron.er,er = he. The verb ends in -t: er spielt.,,
pron.sie.she,sie = she. The verb ends in -t: sie spielt.,,
pron.es,es = it. The verb ends in -t: es regnet.,,
pron.wir,wir = we. The verb ends in -en: wir spielen.,,
pron.ihr,ihr = you (several people you know well). The verb ends in -t: ihr spielt.,,
pron.sie.they,sie = they. The verb ends in -en: sie spielen.,,
pron.Sie,"Sie (with a capital S) = you, formal, for one or more people. The verb ends in -en: Sie spielen.",,
pron.refl.acc,mich and dich are accusative: use them when the reflexive pronoun is the only object (Ich wasche mich).,,
pron.refl.dat,mir and dir are dative: use them when there's another direct object (Ich wasche mir die Hände) or the verb takes the dative.,,
pron.refl.sich,"sich is the reflexive pronoun for er, sie, es, sie (they) and Sie – the same in the accusative and the dative.",,
pron.refl.uns-euch,uns (wir) and euch (ihr) are the same in the accusative and the dative: Wir freuen uns. Ihr wascht euch die Hände.,,
pron.wer,"wer = who, asking about the subject: Wer kommt?",,
pron.wen,"wen = who(m), accusative, asking about the direct object: Wen siehst du?",,
pron.wem,"wem = (to) whom, dative: Wem hilfst du? Mit wem?",,
pron.wessen,wessen = whose: Wessen Buch ist das?,,
pron.was,was = what: Was machst du?,,
pron.welch,"welcher, welche, welches = which. It takes the endings of der, die, das in every case: welchen Mann (den), in welcher Stadt (der).",,
pron.ich.sein,ich = I. sein is irregular: ich bin.,,
pron.du.sein,du = you (one person you know well). sein is irregular: du bist.,,
pron.er.sein,er = he. sein is irregular: er ist.,,
pron.sie.she.sein,sie = she. sein is irregular: sie ist.,,
pron.es.sein,es = it. sein is irregular: es ist.,,
pron.wir.sein,wir = we. sein is irregular: wir sind.,,
pron.ihr.sein,ihr = you (several people you know well). sein is irregular: ihr seid.,,
pron.sie.they.sein,sie = they. sein is irregular: sie sind.,,
pron.Sie.sein,"Sie (with a capital S) = you, formal, for one or more people. sein is irregular: Sie sind.",,
prt.war,"sein in the Präteritum: war, warst, war, waren, wart, waren.",,
prt.hatte,"haben in the Präteritum: hatte, hattest, hatte, hatten, hattet, hatten.",,
prt.modal,"Modal verbs in the Präteritum: -te + ending, and no umlaut: können → konnte, müssen → musste, dürfen → durfte, mögen → mochte.",,
prt.regular,"Regular verbs: stem + -te + ending: ich spielte, du spieltest, wir spielten, ihr spieltet.",,
prt.regular.e,"If stem + -te is hard to say (a stem in -t or -d, or like öffn-, regn-), an e goes in: arbeitete, öffnete, regnete.",,
prt.irr.none,"Irregular verb: a new vowel and no -te; ich and er/sie/es have no ending: ich ging, er kam.",,
prt.irr.en,"Irregular verb: a new vowel and no -te; wir and sie add -en: wir gingen, sie kamen.",,
prt.mixed,"Mixed verb: the vowel changes and it still adds -te: bringen → brachte, denken → dachte, kennen → kannte, wissen → wusste.",,
fu.werden,"Futur I: a form of werden (werde, wirst, wird, werden, werdet) + the infinitive at the end: Ich werde morgen kommen.",,
fu.wohl,werden + wohl is a guess about now: Er wird wohl zu Hause sein = He's probably at home.,,
fu.end,werden stays in second position and the infinitive goes to the very end: Wir werden nach Rom fliegen.,,
sv.present,Separable verbs split in the present and in commands: the prefix goes to the end of the clause: Ich rufe dich an. Mach die Tür zu!,,
sv.perfekt,"Separable verbs put -ge- between the prefix and the verb, all one word: anrufen → angerufen.",,
sv.zu,"With zu, the zu goes between the prefix and the verb, all one word: anzurufen, aufzustehen.",,
sv.modal,"After a modal verb the separable verb stays in one piece, at the end: Ich muss früh aufstehen.",,
sv.insep,"be-, ver-, er-, ent-, emp-, ge-, miss- and zer- never split off: Ich verstehe. Sie bezahlen.",,
gen.des,"Genitive, masculine or neuter: des (des Mannes, des Autos).",,
gen.der,"Genitive, feminine or plural: der, and the noun doesn't change (der Frau, der Kinder).",,
gen.es,"ein, mein, dein … add -es for masculine and neuter in the genitive: eines Freundes, meines Vaters.",,
gen.er,"ein, mein, dein … add -er for feminine and plural in the genitive: einer Straße, meiner Eltern.",,
gen.prep,"wegen, trotz, während, statt, innerhalb, außerhalb and aufgrund take the genitive.",,
gen.noun.es.must,"After -s, -ß, -z or -sch the genitive ending is -es: des Hauses, des Kurses, des Tisches.",,
gen.noun.es,"Short masculine and neuter nouns usually add -es in the genitive: des Mannes, des Kindes – the shorter des Manns, des Kinds is also correct.",,
gen.noun.s,"Most masculine and neuter nouns add -s in the genitive: des Zimmers, des Autos, des Himmels. A short noun can also take -es: des Films / des Filmes.",,
comp.er,Comparative: adjective + -er: klein → kleiner.,,
comp.umlaut,"Comparative: + -er, and many short adjectives with a, o, u take an umlaut: alt → älter, kurz → kürzer.",,
comp.el,Adjectives in -el drop the e in the comparative: dunkel → dunkler.,,
comp.euer,Adjectives in -euer and -auer drop the e in the comparative: teuer → teurer.,,
sup.am,Superlative after a verb: am + adjective + -sten: am schnellsten.,,
sup.noun,"Superlative before a noun: adjective + -st + an adjective ending: der schnellste Zug, das billigste Ticket.",,
sup.umlaut,"Many short adjectives with a, o, u take an umlaut, as in the comparative: warm → am wärmsten.",,
sup.e,"After -t, -s, -ß or -z an e goes in before -st: am heißesten, am interessantesten.",,
sup.umlaut-e,"An umlaut, and because the adjective ends in -t or -z, an extra e: am kältesten, am kürzesten.",,
comp.irr.gut,gut – besser – am besten.,,
comp.irr.viel,viel – mehr – am meisten.,,
comp.irr.gern,gern – lieber – am liebsten.,,
comp.irr.hoch,hoch – höher – am höchsten: the c drops out in the comparative.,,
comp.irr.nah,nah – näher – am nächsten: h becomes ch in the superlative.,,
comp.irr.groß,groß – größer – am größten: no extra e after the ß.,,
comp.ending,"Before a noun it also takes an adjective ending: die bessere Idee, die beste Pizza.",,
comp.als,"After a comparative, use als: größer als, besser als.",,
comp.wie,"When things are equal, use so … wie (or genauso … wie): so alt wie.",,
wo.weil,"weil sends the conjugated verb to the end of its clause: …, weil ich krank bin.",,
wo.dass,"dass sends the conjugated verb to the end: Ich weiß, dass du recht hast.",,
wo.ob,"ob (whether) sends the conjugated verb to the end: Ich weiß nicht, ob er kommt.",,
wo.two,"With two verbs, the conjugated one comes last: …, weil wir arbeiten müssen / …, weil er viel gearbeitet hat.",,
wo.wenn,"wenn (if, when, whenever) sends the conjugated verb to the end: …, wenn ich zu Hause bin.",,
wo.als,"als (when – one time or period in the past, not repeated) sends the conjugated verb to the end: Als ich ein Kind war, …",,
wo.obwohl,"obwohl (although) sends the conjugated verb to the end: …, obwohl es regnet.",,
wo.after,"When the sentence starts with that clause, the main clause starts with its verb: Wenn es regnet, bleiben wir zu Hause.",,
wo.indirect,"In an indirect question the question word works like a conjunction: the verb goes to the end (Ich weiß nicht, wo er wohnt).",,
wo.v2,"In a statement the conjugated verb is the second element. When something else comes first (Morgen, Leider), the subject goes after the verb: Morgen fahre ich.",,
wo.v2.end,"A second verb part (participle, infinitive or separable prefix) goes to the end: Gestern hat es geregnet.",,
wo.modal,The modal verb is in second position and the infinitive goes to the end: Ich kann Deutsch sprechen.,,
wo.modal.q,In a yes/no question the modal comes first and the infinitive goes to the end: Kannst du mir helfen?,,
wo.perfekt,haben or sein is in second position and the participle goes to the end: Ich habe ein Buch gekauft.,,
wo.perfekt.q,In a yes/no question haben or sein comes first and the participle goes to the end: Hast du den Film gesehen?,,
rel.nom,"The relative pronoun is the subject of its clause, so it's nominative – like der, die, das: der Mann, der dort wohnt.",,
rel.acc.den,"The relative pronoun is the direct object and the noun is masculine: den (der Mann, den ich getroffen habe).",,
rel.acc,"The relative pronoun is the direct object: die or das, the same as the nominative (die Frau, die du siehst).",,
rel.dat,"The verb in the relative clause takes the dative (helfen, danken, gehören, gefallen …): dem for masculine and neuter, der for feminine.",,
rel.dat.pl,"Dative plural: denen, not den (die Freunde, denen wir gratuliert haben).",,
rel.gen.dessen,"whose, for a masculine or neuter noun: dessen (der Mann, dessen Auto rot ist).",,
rel.gen.deren,"whose, for a feminine or plural noun: deren (die Frau, deren Sohn studiert).",,
rel.prep.dat,"The preposition comes first and decides the case – here the dative: mit dem, aus der, in dem (where?).",,
rel.prep.acc.move,"The preposition comes first and decides the case: über, in, auf … take the accusative for movement (where to?) – die Brücke, über die wir gefahren sind.",,
rel.prep.acc,"The preposition comes first and decides the case – here the accusative: warten auf die, sprechen über den.",,
ko.wuerde,"Konjunktiv II for most verbs: würde + infinitive: ich würde, du würdest, er würde, wir würden, ihr würdet, sie würden.",,
ko.haette,"haben in Konjunktiv II: hätte (ich hätte, du hättest, er hätte, wir hätten, ihr hättet, sie hätten).",,
ko.waere,"sein in Konjunktiv II: wäre (ich wäre, du wär(e)st, er wäre, wir wären, ihr wär(e)t, sie wären).",,
ko.modal,"Modal verbs in Konjunktiv II: the Präteritum with an umlaut (könnte, müsste, dürfte); sollte and wollte have none.",,
ko.wenn,"In a wenn-clause the verb goes to the end: Wenn ich Zeit hätte, …",,
ko.polite,"Konjunktiv II makes a request polite: Könnten Sie …? Würden Sie …? Ich hätte gern … (möchte, from mögen, works the same way: Ich möchte …).",,
ko.wish,"Wishes: Wenn … nur …! or Ich wünschte, … + Konjunktiv II.",,
pa.present,"Present passive: werden + participle: das Haus wird gebaut, die Briefe werden geschrieben.",,
pa.past,"Passive in the past: wurde + participle: das Haus wurde gebaut, die Briefe wurden geschickt.",,
pa.perf.worden,"Perfekt passive: sein + participle + worden – worden, not geworden: Das Haus ist gebaut worden.",,
pa.perf.sein,"The Perfekt passive uses sein, not haben: ich bin, du bist, es ist … eingeladen worden.",,
pa.modal.werden,With a modal verb the passive ends in participle + werden: Das Auto muss repariert werden.,,
pa.modal.modal,"With a modal verb the modal is in second position, and the sentence ends in participle + werden: Die Kinder müssen abgeholt werden.",,
pa.part.ge,"The participle is the same as in the Perfekt: bauen → gebaut, schreiben → geschrieben.",,
pa.part.nog,"No ge- for verbs in -ieren or with an unstressed prefix (be-, ver-, er-, ent-, zer-): repariert, verkauft, zerstört.",,
pa.part.sep,Separable verbs put -ge- in the middle: abholen → abgeholt.,,
vp.da.r,"For a thing: da + preposition, with an r when the preposition starts with a vowel: darauf, darüber, daran.",,
vp.da,"For a thing: da + preposition: dafür, damit, davon.",,
vp.wo.r,"To ask about a thing: wo + preposition, with an r when the preposition starts with a vowel: Worauf? Worüber? Woran?",,
vp.wo,To ask about a thing: wo + preposition: Wofür? Womit? Wovon?,,
